# -*- coding: utf-8 -*-

# Resource object code
#
# Created by: The Resource Compiler for PyQt5 (Qt v5.15.2)
#
# WARNING! All changes made in this file will be lost!

from PyQt5 import QtCore

qt_resource_data = b"\
\x00\x00\xa8\x13\
\xff\
\xd8\xff\xe0\x00\x10\x4a\x46\x49\x46\x00\x01\x01\x01\x00\x48\x00\
\x48\x00\x00\xff\xdb\x00\x43\x00\x0c\x08\x09\x0a\x09\x07\x0c\x0a\
\x09\x0a\x0d\x0c\x0c\x0e\x11\x1d\x13\x11\x10\x10\x11\x23\x19\x1b\
\x15\x1d\x2a\x25\x2c\x2b\x29\x25\x28\x28\x2e\x34\x42\x38\x2e\x31\
\x3f\x32\x28\x28\x3a\x4e\x3a\x3f\x44\x47\x4a\x4b\x4a\x2d\x37\x51\
\x57\x51\x48\x56\x42\x49\x4a\x47\xff\xdb\x00\x43\x01\x0c\x0d\x0d\
\x11\x0f\x11\x22\x13\x13\x22\x47\x30\x28\x30\x47\x47\x47\x47\x47\
\x47\x47\x47\x47\x47\x47\x47\x47\x47\x47\x47\x47\x47\x47\x47\x47\
\x47\x47\x47\x47\x47\x47\x47\x47\x47\x47\x47\x47\x47\x47\x47\x47\
\x47\x47\x47\x47\x47\x47\x47\x47\x47\x47\x47\x47\x47\xff\xc0\x00\
\x11\x08\x01\xd6\x02\x92\x03\x01\x22\x00\x02\x11\x01\x03\x11\x01\
\xff\xc4\x00\x1c\x00\x00\x01\x05\x01\x01\x01\x00\x00\x00\x00\x00\
\x00\x00\x00\x00\x00\x00\x01\x02\x03\x04\x06\x05\x07\x08\xff\xc4\
\x00\x4c\x10\x01\x00\x01\x03\x02\x03\x04\x07\x04\x07\x06\x04\x05\
\x03\x04\x03\x01\x02\x00\x03\x11\x04\x21\x12\x31\x41\x05\x51\x61\
\x71\x06\x13\x22\x81\x91\xa1\xb1\x32\x72\xc1\xd1\x07\x14\x23\x33\
\x34\x42\x52\x24\x62\x73\xb2\xe1\xf0\x15\x43\x82\xc2\x16\x53\x92\
\xa2\xf1\x25\x35\x54\x26\x63\x64\x83\xb3\x44\x93\xff\xc4\x00\x18\
\x01\x01\x01\x01\x01\x01\x00\x00\x00\x00\x00\x00\x00\x00\x00\x00\
\x00\x00\x01\x02\x03\x04\xff\xc4\x00\x23\x11\x01\x01\x00\x02\x02\
\x02\x02\x03\x01\x01\x01\x00\x00\x00\x00\x00\x00\x01\x02\x11\x21\
\x31\x12\x41\x03\x51\x13\x32\x61\x42\x22\x71\xff\xda\x00\x0c\x03\
\x01\x00\x02\x11\x03\x11\x00\x3f\x00\xdb\x8a\x6e\xbe\x1c\xba\xd2\
\x49\x8c\x23\xc5\x24\x0c\x6f\x29\x38\x03\xcd\xe4\x57\x3e\x37\x3b\
\x4e\xf5\xb7\x05\x9b\x29\x8c\xf0\x8a\xbd\xfb\xbc\xbe\x0d\x3e\xde\
\x86\xdc\xe7\xc5\xa8\xb8\xdd\x91\xc9\x9a\xa9\xee\x76\x3d\xc5\x51\
\x24\xbb\x46\xc8\xe2\xdf\x15\xe9\x65\x31\x6c\xcc\x47\xef\x38\x29\
\x1b\xba\xeb\xf9\xf5\x70\x85\x81\xeb\x8e\x29\x7c\x5c\x07\xc1\xa9\
\xed\xd9\xb5\x6e\x24\x20\x06\x30\xee\xe5\xc7\xbe\xa5\xc8\xf5\x3d\
\xd4\x14\xe3\xd9\xe5\xcc\x4b\x51\x72\x57\x93\x97\x1b\x9c\x7b\xb9\
\x1f\x0a\xb5\x0b\x16\xe0\xe2\x31\x36\xe5\x9a\x76\x50\xdd\x0c\xb8\
\x32\xf3\xa5\xe2\xdf\x18\x72\xfc\xa8\x9b\x0e\x78\xb2\x2e\xe7\x99\
\x4e\xc0\x98\x32\x6f\x9a\x6e\x73\xc9\x0c\x7c\x9a\x14\x25\x80\xce\
\x7f\x0a\x07\x32\xc8\x63\x06\x79\x67\xad\x11\xea\x03\x81\xeb\xf8\
\x52\x63\x06\xc2\xe5\xef\xa5\xdc\xff\x00\xe3\x9d\x03\xb2\xef\x80\
\x7d\xf4\xd5\xca\xc4\xea\x09\xb0\x6d\xd7\xfd\xe2\x91\xca\x64\x3d\
\xa3\xa6\x77\x29\xd9\xea\x61\xcf\x2c\xd0\x24\xad\xc6\x4e\x4c\xc5\
\xef\x1a\x64\x65\x7e\x31\xcc\xe3\x19\xa6\x72\x45\xdf\x19\xdb\x7f\
\x2a\x90\x76\xcb\x8c\xbb\x6d\xbe\xf4\xb9\x70\x73\x37\xe4\xfe\x14\
\x0d\x85\xe8\xcb\x06\x53\x27\x24\xc3\x4f\xcb\x93\x92\x63\x99\x4d\
\x94\x63\x33\x12\x3c\xba\x2d\x32\x50\x94\x22\xb1\x9f\xb3\xcd\x1c\
\xb8\xfc\x68\x26\xe2\x04\x14\xca\x64\x33\xce\x85\x54\x0d\x8c\xef\
\x93\x9f\x95\x45\x1b\xc8\x85\xc8\xa6\x45\xe2\x37\x3f\x3a\x94\x73\
\x1c\xc7\x0e\x7a\x9f\x8d\x00\xe4\xdf\x06\x0c\xed\xcf\x34\xae\x10\
\xe2\x0d\xb7\xdc\xe4\xf4\x68\xe6\x64\x17\x7c\x8f\x3c\x51\xb6\xe2\
\x18\xce\x3b\xf2\x50\x2e\x43\x6c\x82\x6f\x8c\xd1\xb9\xb0\x2f\x8e\
\x79\x51\x13\x06\xee\x5e\xae\x39\xd1\xcb\x00\x19\x68\x10\x10\x53\
\x04\x97\x2e\xea\x66\x9d\x8e\xed\x8a\x0c\xe7\x9e\x0d\xfc\x73\x46\
\x43\x02\xf3\x70\x67\xaf\x75\x00\xa1\x1c\xb8\xe4\xb8\x79\xb8\xe7\
\x41\xcf\x63\x06\x36\xe9\x4a\x6c\xe3\x2b\x83\x19\x7a\xd0\xae\x32\
\x1b\x1b\xee\x7d\x28\x04\x58\xec\xfb\x41\xb2\x99\xf7\xb4\x98\x03\
\x19\xc2\x8a\x0b\x55\x35\x7d\xab\xd9\xfa\x23\x3a\xbd\x65\x8b\x26\
\x33\x89\x5c\x38\xb3\xe4\x65\xae\x6d\xaf\x4c\x7b\x0a\xee\xb4\xd3\
\xba\xb9\x40\x79\x5d\x9d\xb4\x86\x7b\xb2\xf2\xf3\x4c\x78\xd0\xd3\
\xb7\x38\x46\x51\x49\x47\x88\x33\x97\x1b\xfb\xb1\x55\xdd\x2d\xcb\
\x12\x65\xa5\x9b\x0c\xaa\xc1\xdc\x7d\xdd\xfe\x26\x1a\xe9\xdb\xb3\
\x09\x44\x91\x3e\x21\xdc\x4e\x4f\x73\x52\x5b\xb1\x6a\xdc\x42\x10\
\x00\xe5\xe1\x4d\x9a\x71\x9e\xd1\xb7\x08\x67\x51\x6e\x50\xbb\x0d\
\x98\xe3\x88\x1c\x63\x99\xca\xa4\xf5\xd7\x6e\x23\x6b\x4e\xe3\xa3\
\x37\x1b\x79\x15\xd0\xd5\x68\xac\x6a\x8f\xda\x40\xe2\xc6\xd2\x36\
\x4f\x7d\x73\xa7\xa5\xd6\x68\x77\xb5\xfb\x7b\x27\xf2\xa6\xe1\xe5\
\xcc\xf7\x7c\x29\x29\xa2\xfa\xbd\x5c\xdc\xdc\xbb\x18\x19\x30\x40\
\xdf\xde\xb4\xe3\x47\x67\x8b\x33\x59\xcb\x19\x78\x9c\xbb\xd3\xb4\
\xfa\xbb\x57\xb0\x0f\x0c\xdf\xe5\x93\xd7\xc1\xeb\xf5\xa9\x9c\xae\
\x30\x98\x79\xe7\x14\x0c\x85\xb8\xc2\x39\x20\x1b\x6e\x07\xd2\x9e\
\xe4\x15\x04\xd9\x0c\x6f\x4b\x84\xce\x72\xe4\xcf\x9f\x91\x47\x23\
\x6e\xfe\x54\x08\xe0\x78\x97\x18\xdb\x77\x19\x68\x30\x09\x13\x38\
\x73\x8a\x5c\x64\x4c\xa6\x4e\x8e\xe7\xfa\xd2\x06\x1e\x9d\xc7\x7b\
\xdf\x9f\x95\x01\xc2\xe4\xc2\x87\x76\x28\x55\x76\x71\x87\x7d\xb7\
\x7c\x29\x71\x9e\x41\xdd\x92\x93\x31\x13\x21\x9c\xb8\x53\x95\x02\
\x22\x4c\x79\x89\x84\x0d\xf9\xf3\xf2\xa7\x72\xdb\x1e\x7e\x14\xaa\
\x99\x76\xdb\xbd\xc6\x0e\xb4\x86\x10\xc6\x11\xe5\xd7\x34\x06\x57\
\x67\x1b\x6d\xbe\xdb\xd0\x22\xe0\x54\x17\x3b\x75\xee\xa0\x11\xc0\
\xec\x99\xc2\x72\x7c\x28\x57\x93\x87\xa7\xba\x80\x73\x9c\x18\xc7\
\x5a\xa7\xae\xec\xfb\x3a\xb8\x22\x70\xce\x2e\x49\x1b\x22\x72\x44\
\xe5\xe7\x56\xd3\x63\x98\x9f\x1f\x8d\x29\x87\x09\xcb\x19\x32\x23\
\xe7\x41\x43\x47\xda\x97\xb4\x57\x0d\x37\x6a\xab\x1c\xf0\xc3\x51\
\xc8\x7b\x89\x9d\x1f\x1e\x4d\x77\x09\x12\x32\x39\x13\x25\x73\xaf\
\xd8\xb7\xa8\xb6\xdb\xb9\x12\x43\xb3\x93\x3f\xfc\x95\xcf\xb5\x3d\
\x57\x62\xcc\x8c\x49\x5f\xd1\x65\xf6\x0c\xb2\x81\xfd\xd7\xa9\xe0\
\xfb\xa9\x62\xb4\x7e\x65\x25\x43\xa5\xd5\x59\xd5\xd8\x8d\xed\x3d\
\xc2\x70\x97\x24\xe9\xe7\xdd\x53\x54\x05\x14\x53\x6e\xdd\xb7\x6a\
\x3c\x57\x6e\x42\x11\xef\x94\x83\xeb\x40\xfa\x4a\xe7\x5d\xed\xce\
\xcd\xb6\xa1\xa9\x2e\x27\x4b\x51\x67\xf4\x1a\xab\x73\xd2\x21\x8e\
\x74\xda\x1d\x45\xd7\x6c\x71\x24\x39\xfb\xd7\xe5\x41\xdc\xa4\xae\
\x04\xbb\x43\xb6\x6f\x89\x6a\xcd\x9b\x03\xc9\x46\x4f\xc5\xc1\xf2\
\xa8\xe5\xa6\xed\x4b\xef\xf6\x8e\xd0\xb9\x18\xa6\x12\x09\x1d\xff\
\x00\xe9\x0f\xad\x5d\x26\xda\x1b\x97\x6d\xda\x8f\x15\xdb\x91\x84\
\x7b\xe4\x87\xd6\xa8\x5e\xed\xce\xcd\xb5\x90\xd5\x46\xe4\x8d\xb1\
\x68\x67\xf4\xcd\x72\xac\xf6\x2d\x82\x4c\xaf\x4a\x57\x65\x9e\x72\
\x37\xe9\xd5\xca\xf9\xd5\xa8\xe8\xb4\xf6\xe3\xec\x5a\x1d\xf9\x2e\
\x73\x4d\x1b\x2c\xfd\x23\x84\x96\x3a\x7d\x15\xfb\x89\x8d\xe6\x90\
\x37\xf8\xbf\x2a\x81\xed\x4e\xd8\xbf\x92\xd6\x9e\xcd\x98\xe7\x19\
\xc3\x34\x3b\xf7\xc7\xd2\xad\x04\x61\x94\x03\x1b\x60\x31\x9f\x75\
\x2a\xbb\xa0\x3e\xfc\x55\xd0\xe7\xce\xd7\x6a\x5f\x71\x7b\xb4\x2e\
\x19\xe6\x45\xe1\x31\xd7\xec\x87\xd6\x92\x3d\x8f\x60\x97\x1d\xc9\
\x33\x9f\xf5\x48\xe2\x7e\x2a\xb5\xd0\x65\x8e\x67\xb3\x8c\xe5\x76\
\xdb\xbe\x91\x96\xc0\x23\x9e\x5d\xd4\x1c\x26\x07\x65\xf6\x81\x19\
\x47\x8b\x4f\x35\xe1\xc9\xcb\x3c\xcf\xc4\xae\xdd\xb6\x08\x30\xe1\
\xe1\x79\x23\xcf\xae\x6a\x2d\x76\x9a\x3a\xbd\x2b\x6a\xe0\xe7\x1b\
\x63\x19\x13\x92\x35\x43\xb2\xf5\x32\xb5\x75\xd1\x6a\x5c\x5c\x83\
\x81\xe8\xe7\xaf\x92\x7c\x1a\x0e\xba\xef\xd0\xcf\x7f\x5a\x6e\x1e\
\x42\x9e\x27\x5f\x0a\x33\xed\x1b\xe7\x7c\x63\x1c\xa8\xdb\x06\xc6\
\x7a\x50\x1c\xb0\x67\x9e\xee\xed\x1d\x30\x64\xfc\x29\x05\x63\x90\
\x4d\xf9\xd2\x6c\x0b\x8d\xfe\x19\xf0\xcd\x02\xaa\x9b\x89\xd3\x6f\
\xad\x20\x89\x94\xc2\xf3\xc6\xce\xdd\xf4\xb9\xdb\x71\x31\xcc\xa6\
\xed\x99\x6c\x6c\x6f\xdf\x40\xa6\x53\x7e\x79\xdb\x38\xa4\xca\x0a\
\x9e\x43\x81\xf2\xa5\xd9\x8f\x2d\xb1\xcb\xc2\x91\xd9\xdb\xaf\x45\
\xc1\xee\xf1\xa0\x3d\xa0\xc8\xb9\x7a\x67\x38\x5a\x5e\x9b\xb9\xdb\
\x76\x93\x8a\x3c\xf8\x8e\x7d\xfd\x69\x05\x36\x11\x7a\xf7\x14\x18\
\xaf\xd2\x53\x98\xe8\x79\x61\xe3\xc2\x7b\xab\x0d\x5b\x9f\xd2\x5b\
\xec\xe8\x3f\xeb\xfc\x2b\x0d\x59\xbd\xab\x43\xa2\xdb\x45\x63\xbf\
\x80\xfa\x54\xfb\xb5\x5f\x45\xfc\x0d\x9f\xb8\x54\xfb\x95\x42\xe7\
\x14\x7b\xe9\x3b\xfa\xd0\x50\x2f\x3d\xb3\xbd\x3b\x63\xa5\x26\x0c\
\x63\xbc\xf8\x52\xc4\x36\x79\xf7\x66\x81\x70\x7f\xb1\xa2\x97\x1e\
\x27\xc6\x8a\x0f\x42\xce\x13\x28\x67\x6c\xaf\x5e\x94\x8c\x49\x73\
\x1e\x7d\xd9\xcd\x38\x77\x72\x7b\xe8\xeb\xd4\xcd\x0e\x4c\xe1\x91\
\x21\x84\x93\x67\x67\x71\xff\x00\x5a\x71\x29\x0f\xb5\x07\x9f\x33\
\x7f\x7e\x29\xd9\xc7\x7d\x20\x06\x00\x71\xcc\x4f\xc6\x80\x27\x95\
\x0c\x27\x40\xe6\x78\xa3\x4f\x39\x73\xdb\x9e\x7b\xe9\x93\x89\x23\
\x78\x8e\x3e\x34\x9c\x28\x24\x25\x23\x7c\x65\xdc\x3c\xa8\x24\x72\
\xe1\x14\xc3\xd3\x93\x44\x4c\x1b\x67\x6e\x8e\xed\x33\x8d\x89\x89\
\x47\x9e\x77\x8e\xe1\x4e\x8c\x89\x3b\x4b\x3b\x63\x0d\x10\xb1\xfb\
\x4b\xbe\xf8\xd9\x31\xca\x94\x51\xc2\xef\x9d\x9c\x62\x90\x31\x2c\
\xf2\xc9\xb9\xf8\xd2\xe5\x5d\x90\x3b\xe8\x48\x51\x73\xb9\x8d\xb7\
\x4e\x54\x0b\xcd\x30\x8f\xc4\xa3\x7c\xb8\xc1\xb7\x75\x02\xbd\x4d\
\x9e\x65\x0a\x5c\xe0\xc7\x76\xf9\xa5\x1c\x78\x53\x76\x8c\x72\x0e\
\x03\x90\x65\xa5\x1d\xf0\x39\xdf\x14\x0b\x9e\x7f\x35\x79\x78\xd1\
\xca\x38\x76\x01\x32\xf2\x7f\xd2\x83\xa0\x7c\x71\x40\x20\x0a\xbb\
\xe7\x3c\xa8\x17\x02\xee\x0b\x8c\x6e\x66\xa3\x6d\xc5\x93\xc2\xca\
\x29\x85\x47\x07\x97\x8d\x49\xb6\x70\x1b\xbb\xb8\x7e\x74\x92\x9c\
\x2d\xc7\x33\x91\x13\xbe\x4e\x0f\x9d\x02\x71\x5c\x8f\xda\x09\x07\
\x53\x67\xe1\x4e\x8c\xa3\x73\x60\x33\x9c\x83\xcf\xc1\xae\x66\xaf\
\xd2\x2e\xc9\xd1\xa9\x3d\x64\x25\x23\xf9\x61\xed\x2f\xc2\xb8\x9a\
\xef\x4d\xb4\x8c\x65\x1d\x36\x92\xe4\xd4\x42\x52\x48\xe3\xc4\xeb\
\x41\xb0\x14\xc1\x2e\x6b\xb8\x3b\x51\x11\xe2\x13\x18\xc6\xed\x79\
\xb4\xbd\x2f\xed\x58\xc0\x85\x8b\x85\xb2\x22\x0c\xbd\xb9\x23\xde\
\xbc\xd3\xa6\xdb\x57\x2f\x5b\xda\xdd\xa3\xad\xc9\xaa\xd6\xdf\xb8\
\x3f\xca\xcd\x23\xf0\x30\x7c\xa8\x69\xea\x3a\xce\xd8\xec\xcd\x16\
\xda\xad\x75\x9b\x69\xfc\xbc\x42\xbe\xe3\x2d\x70\xf5\x9e\x9d\x76\
\x5d\x9e\x23\x4d\x6b\x51\xa9\x7a\x20\x42\x39\xf3\x77\xf9\x57\x9e\
\x63\x7d\xa9\x92\x41\xdd\x3c\xb3\xbd\x36\xba\x6a\xf5\x9e\x9f\x76\
\x8d\xd6\x46\x96\xc5\x8d\x38\xf2\x51\x9c\xbe\x78\x3e\x55\xc2\xd6\
\xf6\xff\x00\x6a\xeb\x72\x6a\x35\xf7\xe5\x17\xf9\x49\x70\xc7\xe0\
\x60\xae\x7a\x29\xb4\x57\xe5\x4d\xe1\x93\xdc\x7c\xea\x05\x66\xae\
\x57\x2f\x7b\xcd\xa4\x1e\x22\x59\x7a\x23\xf0\xa4\x61\xde\xaf\x87\
\x2a\x52\x06\xe2\x6f\xd1\x39\xfc\x6a\x8d\xc7\x67\x7a\x7f\xab\xec\
\xeb\xdf\xaa\xeb\x34\xd0\xd4\xe9\xed\xe2\x11\x60\xf0\x4e\x26\x00\
\x3b\x9c\x78\xe3\xce\xb6\x7d\x91\xe9\x5f\x63\x76\xb6\x21\x63\x55\
\x18\x5d\x7f\xe4\xde\xf6\x25\x9e\xe3\x3b\x3e\xe5\xaf\x1d\xd7\x04\
\x35\xb7\x45\xc0\xa2\x39\xc9\x84\x13\x7a\x87\x87\x21\xc9\xee\x79\
\x94\xb0\x7d\x05\x42\x0d\x78\xbf\x64\xfa\x53\xdb\x3d\x93\xc3\x1b\
\x1a\xb9\x5d\xb2\x7f\xc9\xbf\x99\xc7\x1d\xc6\x77\x3d\xc9\x5b\x5e\
\xc8\xfd\x21\xf6\x7e\xa7\x86\xdf\x69\xda\x9e\x8a\xe3\xb3\x33\xdb\
\xb6\xbe\x66\xe7\xbc\xf7\xd4\x1a\x8d\x5f\x67\xd8\xd4\xef\x28\xf0\
\xcd\xfe\x68\xf3\xf7\xf7\xfb\xea\x8c\xad\xeb\x34\x39\xc9\xeb\xad\
\x73\x53\x99\xe3\xde\x7b\xf2\x57\x53\x4d\xa9\xb1\xab\xb2\x5e\xd3\
\x5e\xb7\x7a\xdc\x8d\xa7\x09\x12\x1f\x79\x52\xbb\x95\x47\x32\xc6\
\xa2\xd6\xa0\xc4\x50\x4d\xd8\xc8\xc3\xfe\xbe\xea\x93\x76\x4e\x7d\
\xc6\x33\xef\x69\xda\x9e\xcd\xb3\x7d\xe2\x81\xea\xae\x73\xcc\x7a\
\xbe\x3f\x9d\x54\x94\xb5\x5a\x37\x1a\x88\xb7\x6d\x9c\xa6\x73\x3c\
\xdf\xcf\xe3\x4d\xa6\x96\x41\xc8\xa9\xb9\xc8\xfc\xe9\x5e\x78\x3b\
\xfb\xa9\x96\x6e\x5b\xba\x66\xda\x38\x72\x89\xb9\xee\xe9\x4f\xce\
\xc8\x1e\x78\x68\x04\x73\x9e\x24\xdb\x1b\x87\x7d\x0f\x27\x06\x7a\
\x83\xd6\x95\x45\xe8\xe3\xc3\xfd\xf8\xd2\x61\xc0\x2f\x2d\xe8\x17\
\x99\xcd\x33\xdc\xd2\x67\x26\x32\x38\xe6\xd0\x1b\x64\xcb\x8d\xcd\
\xf9\xd2\x61\xc8\x19\x03\x67\x6d\xd6\x81\xc1\x8d\xba\x7d\x69\xaa\
\xed\x80\xce\xd9\xdf\x95\x13\x94\x62\x66\x52\x89\xe6\xd4\x4e\xa2\
\xdf\x16\x22\xca\x5e\x11\x14\xa0\x9c\x73\xee\xe6\x52\x3b\xa1\x9c\
\x67\xa0\xe3\x35\x09\x7a\xe2\xfb\x16\x10\x76\x19\x4b\x1f\x2a\x12\
\xfc\xb2\xca\xe5\xb8\xe1\xe4\x0b\xbf\xbe\x82\x7c\x19\xcb\x95\xfa\
\x79\x53\x2e\x36\xc8\xac\xe5\x12\x38\x72\x49\xc7\xd6\xa3\xf5\x2b\
\xbc\xee\xdc\x97\x3c\x99\xc1\xf2\xa2\x36\x2c\xc2\x2b\xea\xe2\x60\
\xe7\x2c\xa7\xcf\xa5\x07\x36\xe9\x3d\x26\xaa\x37\xfb\x2e\x43\x2b\
\x88\x5c\x83\x9e\x19\x18\xce\x5c\x18\xcf\x8f\x8d\x4b\x0e\xd7\xed\
\x0d\x6d\xc9\xda\xb1\x6e\xde\x9e\x70\xfb\x51\x91\xc5\x23\xc7\x74\
\x31\xee\x6b\xa5\x13\x86\x38\x00\xe8\x01\xb1\xe1\x54\xb5\x9d\x9f\
\x1b\xe1\x3b\x72\x95\xab\xd0\x73\x09\xc7\x02\x3d\xc3\xd7\x3d\x47\
\x9d\x09\x51\xba\x4e\xd1\xbe\xff\x00\x68\xed\x0b\xa0\xf4\x83\xc2\
\x7f\xed\x0f\xad\x24\x3b\x17\x4a\x4b\x8a\xe3\x2b\x93\x30\xe6\x5b\
\xbe\x79\x72\xd3\xf4\xfa\xe9\x46\xec\x74\xda\xe2\x36\xee\xae\x23\
\x30\x48\xdc\xf2\xee\x7c\x1f\x75\x5f\xc6\x36\x33\xb3\xd6\x82\x0b\
\x7a\x2d\x3d\xb0\x8c\x6d\x45\xc7\x7a\xbf\x5a\x96\x30\x8c\x7e\xcc\
\x41\x0e\x40\x66\x94\x72\xef\x8d\xb6\xc1\xd2\x91\x50\xd8\xcf\x76\
\xe1\x9a\xa0\xce\xe9\xcf\x06\x70\x14\x60\x7b\x93\x1c\xb1\xcd\xa5\
\x5e\x5d\x72\xe3\xbb\x14\xde\x6f\x3e\x5b\x3b\x50\x19\x7c\x40\xea\
\xd3\x72\xa0\xc4\x1c\x99\x37\xcd\x39\xfc\x77\xa6\x27\xb3\xbb\x9c\
\xf8\xe3\x3e\x54\x09\x2d\xf2\x63\xf1\xc9\x4d\xcf\x7e\x69\xfc\xd4\
\x4d\xfe\xb4\xc6\x21\xb2\xf3\x76\xcf\x5a\x04\xee\x43\xae\xfb\xf2\
\x3a\xd2\x32\xd8\x62\xe4\x7a\x86\x76\xa4\xdf\x32\xca\xf3\xdb\x39\
\xc1\x4b\xb6\x03\x6e\x58\xc1\xb6\x68\x0d\xf3\xb9\x8c\x7c\xeb\x9d\
\xda\xda\x49\x5c\x0b\xf6\x4f\xda\xdb\xdf\x39\xe6\x75\x2b\xa0\x65\
\x31\xcb\x3c\xb3\xd2\x90\xdd\x0d\xd3\x1b\x39\xdb\xdf\x41\x57\xb3\
\xb5\x86\xaf\x4e\x23\xed\xc4\xc2\x3c\xff\x00\xf9\xab\x4b\x97\x67\
\x3d\x31\x8e\xb5\xc9\xd5\xdb\x96\x83\x58\x6a\xac\x1f\xb2\x9b\x89\
\x87\x21\xe5\x9c\x78\xf2\x7e\x35\xd4\xb5\x72\x37\x6d\x92\x8b\x91\
\xdd\x3a\x9e\x14\x0e\xc3\x90\x39\x78\x3b\x1e\xea\x4c\x02\x27\x21\
\x55\x1d\x87\xc6\x80\xe8\x6d\xd7\x62\x92\x52\x89\xb4\xd8\x83\xd1\
\x77\xa0\x77\x5c\x2e\xfc\xf0\x14\x8f\x2c\x89\x96\x9a\xdd\x80\x98\
\x59\x6f\x8d\x85\xa4\x67\x25\xf6\x6d\xc9\xee\xce\x02\x81\xde\xd0\
\xee\xe4\xcb\x9e\x98\xfc\xf7\xa3\x3d\xdb\xed\x9e\x75\x1a\xdd\x96\
\xf1\x21\x1e\x58\xca\xbf\x4a\x77\x04\xf7\xcd\xcc\x1c\xfd\x90\x28\
\x1f\x8d\xd4\x39\x9b\xb9\xa4\xe2\x22\x1c\x48\x78\x64\xc1\xe5\x4c\
\xf5\x42\x7b\x52\x93\xbf\x3c\xe4\xf8\x50\x59\xb7\x19\xf1\x46\x20\
\xb8\xcb\x8c\xae\x3a\x54\x18\xbf\xd2\x4c\xe3\x28\xe8\x78\x5c\xe3\
\x8c\xf9\x95\x88\xcd\x6d\xff\x00\x49\x3b\x5b\xd0\x03\x9c\x71\xef\
\xef\x2b\x0d\x52\xf6\xad\x16\x8b\xf8\x2b\x27\xf7\x0f\xa5\x4d\x9d\
\xaa\x1d\x17\xf0\x56\x7e\xe1\xf4\xa9\xb3\x55\x0a\x3b\x52\xc7\xbb\
\x14\x87\x4f\x1a\x5c\x77\xd1\x4a\x1b\xf3\xa7\x9c\x9e\x4d\x26\x32\
\x80\x79\x62\x9d\x1c\x86\x5c\x14\x09\xc2\x77\x7c\xca\x29\x78\x4e\
\xf7\xe1\x45\x07\xa0\x98\x5c\xe7\xc9\x29\x71\xe1\xbe\x69\xb1\x45\
\x71\x8c\x73\xc8\xf5\xa3\x38\x33\xd3\x64\x7a\xd0\x38\xe7\x95\xc0\
\x77\xed\x4a\xa3\xb1\x9e\x7c\xb1\x49\x8c\xfe\x54\xb8\x31\xf8\xf7\
\x50\x2e\xc7\x2c\x67\x14\xbd\x77\x69\x07\x3b\xfe\x14\xa9\x8d\xc3\
\x39\xe9\x40\x98\x13\x71\x4e\x58\x4e\xef\x3a\x38\x49\x6c\xc7\xc0\
\x79\xd2\x99\x4c\x86\x17\x6d\xcf\xad\x03\x90\x51\x07\x73\x2e\x28\
\x9a\x34\x83\x14\xe1\x9c\xb9\x3b\x3b\x94\x91\x9d\xcc\xc8\x9d\xbe\
\x10\x70\x4a\x28\xe4\xc7\x3c\x73\x3b\xb1\x52\xee\xbb\xe3\x6d\xc7\
\xfd\x29\xb7\x6e\x42\xcc\x59\x5c\x9c\x6d\xc7\x19\x65\x34\x89\xf1\
\x71\x45\x11\x91\x27\x02\x38\xdf\xba\x9c\xb9\x96\x36\xe5\xc9\xe7\
\x5c\xcd\x47\x6d\xf6\x64\x21\x2b\x85\xe9\x5f\x8c\x0f\x69\xb3\x6e\
\x53\x03\xbd\x90\x60\xf8\xd6\x67\xb4\x3f\x48\x16\xe0\x91\xec\xed\
\x2d\xd9\x23\x85\xbc\x84\x53\xc8\xcb\xf3\x28\x9a\x6e\x32\xa3\x81\
\x73\x9c\x67\xa6\xdd\xd4\x4e\xe5\xbb\x50\xe2\xbb\x72\x31\x03\x76\
\x4e\x0f\x9d\x79\x4e\xaf\xd3\x5e\xdb\xd4\x0c\x63\xa8\x86\x9e\x3c\
\xb1\x6a\x20\x87\x9b\x9a\xe3\x6a\x75\x9a\xad\x5c\x99\x6a\x75\x17\
\x6f\x2f\xf5\xcd\x7e\x5c\xa8\x69\xeb\x3a\xcf\x4a\x7b\x17\x46\xa5\
\xcd\x6d\xb9\xcc\xd9\x8d\xaf\x69\xf9\x57\x17\x55\xfa\x40\xb0\x2c\
\x74\x5a\x2b\x93\xee\x95\xd9\x11\x33\xdf\x83\x2d\x79\xc8\x87\x71\
\xf2\xa9\xad\xc8\xc9\x81\x7c\x8a\x6d\x5a\xbd\x4f\xa6\x1d\xaf\xa9\
\xda\x17\x61\xa7\x8b\xd2\xdc\x77\xf8\xb5\xc9\xbf\xac\xd4\xea\x65\
\xc5\xa8\xd4\x5d\xb8\xae\x5e\x29\x29\xf0\xe5\x54\xe2\xc9\x0c\x01\
\xe6\xe7\xe9\x4e\x23\x27\x9c\x9f\x71\x8f\xf5\xa6\xc3\xf6\x0e\x81\
\xf0\xa4\xe3\x8e\x76\x73\xe4\x2d\x27\x04\x47\x28\x3e\x2e\xff\x00\
\x5a\x77\x4c\x54\x08\xc9\x5d\xa2\x9e\x68\x7e\x74\x89\x27\x9c\x83\
\xc8\xfc\xe9\xd4\x3b\xd0\x31\x80\xf3\xcb\xe6\xe7\xe5\x4a\x44\x39\
\x01\xe0\x18\xa7\x51\x40\xdc\x52\x62\x9c\x94\x62\x82\x29\xc7\xdb\
\xb7\xf7\x9f\xa3\x4b\xc3\x85\xf2\x29\x6e\x1e\xdd\xbf\xbc\xfd\x1a\
\x5c\x65\x7c\x03\xeb\x40\xc2\xfc\x9b\xb2\xf5\xd6\xde\x68\x4a\x0e\
\x4c\x72\x32\x73\xe5\xdd\x52\x46\xd4\x26\x32\xb4\xe1\xea\xc5\xc3\
\xef\x3f\x32\xba\x47\x65\x47\x55\x18\x7e\xaf\x28\xca\xe3\x1c\xa2\
\xe1\x1c\x1f\x1e\x75\x16\x93\xb3\x26\x5d\x67\x74\x78\x63\x92\x22\
\x26\x5e\xff\x00\x10\xf0\xad\x69\x9f\x29\xb5\x06\x37\x23\x9c\xc4\
\x98\x75\x36\x7e\x1c\xbe\x74\x9c\x51\x5c\x0a\x4b\xb9\xd9\xf8\x3f\
\x85\x76\xae\x69\x2d\xcb\x68\x8c\x5e\xe7\x7f\xf7\xe3\xdd\x54\x75\
\x7a\x68\xc2\x3f\xb4\x0e\x07\x71\x4c\x9f\x1e\x9e\xfc\x54\x68\xcd\
\x07\x68\xeb\x7b\x32\xff\x00\xad\xd0\xea\xae\x58\x9e\x77\xe0\x70\
\x3e\x09\xc9\xf7\x95\xb6\xec\x5f\xd2\x2b\xec\xda\xed\xad\x3f\xff\
\x00\xdf\x64\xf9\xb1\xfc\x47\xdd\x58\x09\xda\x95\xb7\xd9\x92\x1d\
\x07\x73\xdc\xf3\xa6\x93\xc3\x89\x9c\x3e\x39\xc9\xf1\xfc\xe8\x3d\
\xe7\x43\xae\xd2\xf6\x86\x9c\xbf\xa2\xd4\x5b\xbf\x6d\xfe\x68\x39\
\xf8\x9d\x3c\xaa\xca\x09\x87\x7f\x06\xbc\x2f\xb3\xb5\xfa\xbe\xcf\
\xd4\x9a\x8d\x0e\xa2\x76\x6e\x75\x60\xec\x9d\xc9\xc9\x3c\xeb\x59\
\xd9\x9e\x94\xba\xfb\xbe\xab\xb5\xf5\xd7\xb4\xec\xb9\x4e\x0a\x5b\
\x7c\x10\xc2\x79\xee\x53\x43\x6f\xac\xd2\x69\xa1\xfb\x48\xde\x86\
\x9a\x66\xe2\xc8\x89\xfe\x9e\xea\xe6\x9d\xb3\x6e\xde\xaa\x16\x25\
\x9d\x44\x50\x3d\x6d\x93\x88\x15\xeb\xdf\xee\xf8\x53\xec\xf6\x4e\
\x89\xc5\xcf\xdf\x32\x32\x49\x44\x4e\xf1\xdf\x3f\x1a\xb9\x0d\x36\
\x9e\xdf\xd8\xb3\x03\x1d\xe6\x5f\x9d\x12\x9a\x6b\xac\x4f\x88\xb6\
\xca\x72\x8b\x84\x84\x55\x1e\x9c\xf1\x4e\x95\xdb\xd2\xcf\xab\xb0\
\xe4\x1c\x13\x90\x0f\xbf\x7c\x52\x5c\xd3\xc6\x52\xe3\xb7\x26\x17\
\x03\xed\x0e\x17\xc1\xef\x3c\xf6\xa4\x2f\xdc\xb4\xe3\x51\x1d\xba\
\x4e\x26\x4f\x79\xd3\xcc\xa0\x76\x35\x12\x55\xb9\x08\x08\x1e\xc9\
\x9c\x7c\x7a\xd1\x2d\x3f\x14\xb3\x3b\xb7\x64\x61\x13\x8b\x03\x9e\
\xf0\xf9\x79\xb5\x2c\x65\x19\x04\xa2\x88\xf2\x47\x39\xa3\x7c\x9b\
\xbb\x6c\xf8\xb4\x0c\x85\x8b\x51\x0c\x5b\x14\x0c\xa9\x97\xe7\xd6\
\x9e\x84\x47\xa6\x71\x83\x95\x19\xce\xe3\xee\x76\xa4\xc6\x5c\x26\
\x44\xc2\x34\x0e\xe7\x2c\xed\x96\x85\x44\x7a\x67\x92\xd2\x0e\xd8\
\xdf\x97\xfb\xde\x85\xcb\x8d\xb2\x74\xa0\x4c\x98\xc2\xbc\xb9\x1c\
\xe9\xdb\x0e\x0e\x6d\x26\xfb\x38\x31\x9e\xaf\x2a\x1e\x59\xdd\xc3\
\xca\x80\x11\xce\xff\x00\x3e\x54\x98\x00\x07\x24\x7a\x65\x5e\x54\
\x08\xef\x14\xdd\x79\x75\x7b\xf3\x4b\x97\x29\x9e\xb8\x28\x20\xd5\
\x69\xed\x6a\x2d\x31\xbd\x1e\x21\x39\x26\x73\xee\xff\x00\x78\xaa\
\x65\xcb\xfd\x9c\xf0\x6a\x19\xde\xd2\xbb\x17\x0c\xb2\x81\xe3\x8d\
\xd3\xc7\x99\x5d\x3c\x0b\x97\x1c\xf6\xa6\xbc\x32\xc8\xc7\x23\xb3\
\x93\x7c\xd0\x24\x25\x19\xc0\x9d\xb4\x94\x64\x0c\x58\xb9\x13\xbf\
\x34\xb9\x47\x71\x03\xaf\x7f\x97\x5a\xe7\x4b\x4f\x7f\x41\x26\xee\
\x8c\x25\x6e\x4e\x67\x61\x76\x7c\x47\xa3\xf2\xab\x9a\x6d\x45\xbd\
\x4c\x38\xed\xae\xce\x18\xc8\xc4\xa2\xf7\x27\x7d\x04\xa2\x3b\x8e\
\x7a\x67\xca\x93\x2a\xbc\xf0\xbd\x69\xdc\xcc\xe2\xa3\x94\xa2\x39\
\x94\xa2\x26\x7a\xf4\xaa\x16\x59\xc7\xb2\x87\x9e\xf4\x8e\x47\x27\
\x2c\x7c\x5a\x6b\x7e\x19\xc1\x99\x7d\xd1\x7d\xf4\x71\xc9\x7d\x9b\
\x72\xee\xdf\x06\xf4\x0b\x85\x3b\x94\xce\xdf\xeb\x4d\x44\x36\x33\
\xe7\xb7\x9d\x0f\xac\x4c\x62\x11\x1e\x43\x97\xf2\xa6\xf0\x5d\x45\
\x9d\xd5\x13\x62\x31\x0c\x7b\xf7\x7b\xa8\x11\x02\x38\x39\x78\x77\
\x53\x65\x28\x86\x65\x20\xc7\x2c\xa6\x69\xce\x9e\x2a\xab\x27\x38\
\xce\x64\xbc\xbc\x39\x52\x7a\xb8\xc3\x94\x4f\x3c\x50\x31\xbd\x0c\
\xec\xae\x79\x70\x8d\x35\x9c\xb1\x98\x5b\x94\xb3\x8f\xb4\x85\x4b\
\x84\xc6\x33\xe5\x42\x39\xc6\xdb\x77\x34\x10\x5d\x84\xaf\x42\x76\
\xe7\x18\x11\x76\x45\x54\xcf\xd1\xae\x75\x89\x4b\x43\xab\x74\x97\
\x6e\x48\xb5\x2d\xe1\x21\xca\x9f\x99\xf4\xae\xc6\x1e\x4e\x1e\xea\
\xad\xaf\xd2\x47\x55\x63\x84\x38\x67\x1d\xe1\x20\xdc\x4f\xc2\x82\
\x46\xcc\x50\x16\x52\xc7\x56\x4d\x38\xb7\x18\xa3\x18\xc4\xe5\xd3\
\xe3\x54\xfb\x33\x53\x2b\x91\x74\xf7\xce\x1b\xb0\xd9\x17\x77\xfd\
\xf4\xf0\xab\xc1\x97\x38\xf0\x77\xa1\x60\xc0\x18\x03\x3d\xd4\xdc\
\x6d\xb3\x80\xe9\x9f\x8d\x3b\xab\xd2\x80\xc8\xf2\xee\xde\x81\x37\
\x5d\xce\x5c\xfc\xe8\xc3\xe5\x4a\x9d\x33\x9e\xbc\xf9\x51\x8e\x6f\
\x40\xa0\x4d\xb1\x9c\x61\xcf\x5e\x54\xb8\xdb\xc7\xcf\x34\x63\xa6\
\x00\x4d\xf7\xda\x87\x63\x3b\xed\xb6\xdb\xe2\xa0\xc4\x7e\x92\xcf\
\x67\x43\xbf\x49\xfd\x63\x58\x5a\xdc\xfe\x93\x0f\x67\x40\x78\x4f\
\xeb\x1a\xc2\xd4\xbd\xab\x45\xa2\x3f\xb1\x59\xfb\x87\xd2\xa7\xc6\
\xd9\xce\x6a\x0d\x11\x9d\x15\x9e\xfe\x03\x7f\x75\x4e\x1b\xbc\xbc\
\x71\x54\x28\x3e\xfc\x52\xe0\x4e\x45\x20\x39\xdb\x1b\x9d\x69\xe3\
\xcb\x61\xdb\x14\x0b\x13\x0e\x57\x1f\x8d\x3c\xdf\x73\x19\xf0\xa6\
\x8a\x6e\xe5\x3b\xcf\xad\x38\x04\xdf\x71\xe6\xf7\x79\xd0\x2f\xb3\
\xdf\x2f\x9d\x14\xfc\x78\x9f\xfa\x9a\x28\x36\xeb\x15\xe5\xf0\xa5\
\xcc\xb3\xb3\xf1\xde\xa1\x8c\xf7\xc2\x3e\x74\x3a\x8b\x51\x3d\xab\
\x91\x1e\xec\xe5\xf9\x50\x58\x14\x45\x3d\xc3\xd6\x9d\xc7\x13\x65\
\xc6\x7a\x72\x6a\xa1\xab\xe2\xfd\xdd\xb9\xcf\x3b\x0e\x30\x7c\xe9\
\x49\x6a\x66\x06\x21\x6c\x4e\xa7\x13\xf9\x50\x5b\xce\x11\x73\xbe\
\xc5\x24\xae\x46\x11\xe2\x9c\xa3\x0c\x67\x79\x20\x1e\xf6\xa9\xc3\
\x45\x12\x72\x94\xaf\x5d\x59\x22\x91\x78\x45\xef\xc1\x52\xd9\xb1\
\xea\x27\xc7\x6c\xb5\x71\xce\x73\x7a\x1c\x4e\x7c\x1e\x65\x04\x86\
\xa6\x17\x14\xb1\x0b\xba\x8c\x1c\xad\x41\x91\xf1\xd8\xf9\xd3\xb8\
\x75\xd7\x25\x88\x58\xb3\x67\xab\xeb\xae\x71\x4b\xff\x00\x4c\x73\
\xf5\xa9\x8d\x7b\xf6\x75\x1a\x79\xbb\x67\x31\x97\x14\x7e\x1b\x3e\
\xe2\xac\xda\xd6\x69\xee\x7b\x30\xbf\x0e\x27\xf9\x03\x0f\xc2\x58\
\x69\x45\x1f\xf8\x66\xaa\xf7\xef\xf5\xfa\x84\xeb\x1d\x3c\x23\x68\
\xf2\xcb\x99\x7c\x28\xb7\xd8\xbd\x9d\x6e\xe7\x13\xa7\xb3\x72\xef\
\xf5\x5d\x5b\xf3\xcf\x94\xd7\x0f\x95\x74\xe7\x1f\xeb\x0f\x0f\x59\
\x2c\xfc\x9f\xc1\xa5\xdf\x18\x19\x27\x74\x62\x07\xcf\xf0\x6a\x0e\
\x17\xa5\x47\xab\xf4\x57\x5d\x82\xe1\x18\xda\xe5\x9e\x00\xdc\xfe\
\x5f\xca\xbc\x56\x72\xcb\xb0\xf3\xaf\x6b\xf4\xd7\x10\xf4\x4b\xb4\
\x54\x07\xd5\x18\xcc\xd5\xfb\x47\x21\xcf\xc9\xaf\x12\x53\x2d\x01\
\x97\xc0\xa3\xde\xfd\x29\x17\x34\x64\xda\xae\xc3\xe3\x83\x90\x15\
\x3d\xae\x75\x00\xd4\xf6\xb9\x95\x05\xa8\xd3\xf3\xb5\x47\x1e\x54\
\xf3\x95\x03\xa8\xa2\x8a\x02\x8a\x28\xa0\x28\xa2\x8a\x02\x8a\x28\
\xa0\x64\xff\x00\x79\x6f\xef\x3f\x46\x9d\x90\x65\x9f\xe9\x3e\xb4\
\xd9\xfe\xf2\xdf\xde\x7e\x8d\x13\x70\xbe\x31\xfc\x68\x3a\xba\x7b\
\x72\x61\x60\x82\x92\x94\xf1\x93\x66\xbb\x56\x66\xc2\xd4\x2d\xca\
\x24\xe2\x66\x21\x23\xe7\xf8\xe6\xb9\x5a\x4b\x92\xb5\x0b\x12\x88\
\x4b\x32\x44\x7a\x6d\xd1\xab\xda\x6d\x4d\xbb\xe4\x08\xb8\x97\xac\
\x73\x17\x67\xfd\xf8\xd6\xec\xd3\x33\x95\x89\xd8\xd3\xdd\x88\x42\
\x4c\x5c\x7b\x44\xb9\x29\xdc\xf4\xce\xfb\xd5\x6d\x46\x8e\xe5\xb0\
\xe3\x8e\x63\x23\x3b\x82\x23\xd7\xbb\x3e\x1c\xaa\x70\x1e\x01\xe4\
\xc9\xe7\x4d\xb9\xaa\x74\xf6\x73\x29\x38\x44\xe1\x77\xcf\x80\x74\
\xf2\xe9\x53\x82\x4a\xca\xf6\x85\x9f\xd4\x35\x04\x60\x8d\xab\x99\
\x63\x0e\x7c\x2f\x87\x85\x45\x19\x45\x3d\xaf\x65\xf8\x9f\x9d\x76\
\xa6\x69\x35\xac\xa7\xa9\x83\x6a\xec\xc8\xa3\x1d\xe2\x1c\x9c\x9e\
\x5f\x4a\xab\xa9\xec\x7b\x91\x8f\x1d\x89\x17\x6d\xf1\x31\x25\x07\
\x39\xdb\x3c\xb9\x94\xd1\xe4\xa4\x5a\x62\x71\x41\x23\x97\x99\xbc\
\x5f\x77\xff\x00\x14\xf8\xdd\xe0\x42\xe9\xc0\xae\x07\x39\x8b\xe4\
\xfe\x0e\x2a\x1e\x1b\xb6\x25\x93\x26\x39\xa6\xe7\xbe\xa5\x85\xe8\
\x4c\xe1\x98\x19\x30\xb8\xc8\xf9\x95\x17\x6d\x07\x61\xf6\xee\xb3\
\xb2\x64\x16\xe5\xeb\x2c\xae\x65\x66\x6e\xde\x63\xd1\xf1\x3e\x15\
\xb8\xec\xff\x00\x48\x7b\x33\x5b\x6c\x91\xaa\xb7\x66\x6e\x09\x5b\
\xbd\x22\x32\x1f\x0c\xb8\x4f\x12\xbc\xaa\x24\xac\xe1\xb6\xe6\x09\
\x92\x2b\x91\x3f\xba\xf4\xfa\x79\x54\x1a\xb9\x93\x9e\xe2\x60\x32\
\x48\xdc\xde\x86\x9e\xdf\x09\xc6\xe4\x49\x42\x51\x9c\x5e\x52\x8a\
\x23\xef\x36\xa5\xe7\xcc\xdb\xb9\xaf\x1a\xec\xae\xd6\xd7\xf6\x54\
\x89\x68\x35\x12\xb4\x49\x78\xa3\xb3\x19\x63\x7d\xc7\x6f\xc6\xbd\
\x27\xb1\xfd\x29\xec\xce\xd1\xb7\x6e\x12\xd5\x42\xce\xa5\x88\x4e\
\xdd\xcf\x63\x32\xc1\x9e\x15\xd9\x33\x9c\x6f\x43\x4e\xb3\x61\x8c\
\x99\x59\x97\x04\x9e\x78\x36\x7c\xce\x4f\xd6\x82\xfb\x17\x1a\x88\
\xf0\x23\xb4\x8d\xe2\xfe\x27\xbf\xe3\x52\xe7\x61\x77\xce\x13\xca\
\x84\xc9\x84\x1c\xf4\x68\x14\x76\xc8\x08\x99\xc8\xec\xf8\xd1\xbe\
\xe1\xb7\x73\x50\x36\x1b\x6e\x6c\x4b\x87\x7c\xf0\xa6\x62\xbe\x5d\
\x3d\xd8\xa6\xc7\x59\x6c\x9c\xe3\x7c\x2d\x4a\x20\xac\xb3\xc3\xbf\
\x24\x97\x2f\x75\x05\x9c\xec\x67\x22\xd1\xb6\x73\xd5\x31\x51\xb7\
\xed\xe4\x02\x52\x57\x6e\x18\xaf\xfa\x52\x97\x26\xa1\x1b\x48\xbc\
\x89\x21\xb5\x04\xa6\x79\xf7\xf2\xa4\xe7\xdc\x27\x4f\x1a\x61\xeb\
\x97\x6e\x08\x9c\xf3\xbb\xf9\x52\x70\x49\x42\x57\x64\xef\x9c\x00\
\x62\x82\x42\x3d\x5f\xf4\xa6\x32\x88\x7b\x52\x89\xb6\x37\x71\x4d\
\x34\xf6\xf2\xc9\xe2\x96\x79\xf1\x4d\x47\xbb\x1b\xe0\xa7\x46\xdc\
\x22\x24\x63\x13\xae\x42\x81\x3d\x7d\xbc\xe2\x2c\xa4\x9b\xa4\x62\
\xbe\xea\x09\xca\x46\x63\x6a\x46\x7f\xa9\x0a\x94\x51\xeb\xf1\xa4\
\x77\xc6\xce\x1e\xa5\x04\x69\x76\x5b\x62\x11\x3c\xd7\xf2\xaa\x77\
\xfb\x3e\x4c\xe7\xa8\xd3\xdc\x6d\xea\x13\xed\x44\xc0\x98\xc6\x13\
\x92\x57\x43\x07\x20\x1c\x74\xa0\x30\xe0\xc3\xe3\xd6\x82\x86\x96\
\xf4\x2f\x5c\xf5\x1a\xa8\xce\x1a\x88\xb9\xe0\x64\xe2\x58\xce\xe3\
\xd4\xf0\xe6\x55\xc2\x11\x8e\x12\x31\x37\xee\xa8\xf5\x3a\x3b\x7a\
\x98\x05\xc3\x33\x37\x26\x38\x47\xa2\x27\x26\xab\x43\x53\x73\x49\
\x70\xb5\xae\x73\x17\x04\x6f\xe3\x02\x67\x94\x8e\x8f\x8f\x2e\xfc\
\x50\x5e\x36\xdb\x88\x76\xc6\xf4\x3b\x9b\x6d\x4a\x83\xd4\x47\x93\
\x46\x37\xf1\xa0\x6e\x30\x38\xcb\xd7\x76\x91\xc0\x65\x43\x1d\x79\
\x14\xe7\x96\xe6\x7b\x8a\x13\x39\xdf\x9f\xca\x82\x36\x39\xd9\x1d\
\xde\x54\x92\x8e\x7f\x1a\x91\xc8\x60\xc2\xed\xcf\x95\x22\x2b\xcf\
\xdd\xdf\x54\x42\x88\x18\xca\x3d\x4a\x4c\x01\xd0\xc7\x2a\x99\x8e\
\x4c\xe3\xe3\x4c\x4c\x72\xc9\xdd\xbd\x0d\x23\x45\x37\xe7\xd3\xa5\
\x3b\x84\x0d\xbe\x5b\x53\x8b\x72\x9c\x4e\x18\xae\xdb\x7b\x35\x21\
\xa6\xbc\xff\x00\xcb\x7d\xfb\x50\xd3\x8d\xda\x7a\x59\x42\x51\xd5\
\xe9\x8c\x5c\xb7\xf6\xa2\x7f\x30\x6f\xf1\x2a\xe6\x93\x51\x1d\x56\
\x9e\x37\x60\x8a\x9b\x9d\xcd\x74\x0d\x15\xd7\x22\xc4\x13\x92\xe6\
\xb9\xf7\xf4\x4f\x66\xa5\xcb\x3b\xdb\x57\x8e\x38\xc0\x2b\x9f\x85\
\x45\x4d\xb2\x07\xe1\x48\x03\xee\xef\xa6\x91\x9c\x82\x44\xe3\xb9\
\x93\x86\x2b\x9f\x7a\xd2\xb6\xde\x1c\x4a\xec\xdd\xb7\x4c\x1f\x85\
\x10\xe4\x79\xf7\x73\x52\x9b\x29\x46\x3b\x4a\x51\x1e\xec\x94\xad\
\x98\x73\x62\xbd\x72\xab\x44\x6d\xc4\x46\x30\x88\xe3\x19\x03\x27\
\xbe\x82\x3e\x38\x2e\xcf\x16\xff\x00\xca\x2e\x3b\xa9\x78\xd5\x78\
\x6d\xcd\xdb\xc0\xfa\xd4\x9c\x9c\x0e\xcf\x4a\x30\x1c\x8a\x0c\x27\
\xe9\x25\x71\xa0\x13\x1b\x4f\x19\x72\xf3\x8d\x62\x31\x5b\x9f\xd2\
\x66\xf2\xec\xf0\x73\xb5\xcf\xac\x6b\x0f\x8e\xfa\x97\xb5\x77\xf4\
\x42\x68\xac\xff\x00\x86\x7d\x2a\x73\x9e\xee\x31\x50\x68\xb1\xfa\
\x95\x9e\x67\xb0\x7b\xf6\xab\x00\xa0\x1c\xb9\x3e\x35\x42\x8a\x18\
\xe9\xdf\x8a\x74\x76\xdf\x18\xc3\xdf\xce\x91\x1c\xe1\xc2\xf7\x53\
\xa3\xb9\xb0\x61\xe5\x8a\x07\x82\x18\xce\x50\xdb\x1b\x52\xc4\x32\
\xe0\xe7\xb6\x0c\xd2\x73\x76\xe9\xb6\x3f\x3a\x51\xdb\x77\x21\xc9\
\x36\xdb\xba\x81\x78\x0f\x0f\x87\xfa\xd1\x4b\xef\x7e\x25\x14\x1a\
\x18\xa4\x81\x9d\xc9\x48\x71\xb2\xe0\x2a\x7b\x6d\xb8\xe0\x84\x62\
\x79\x15\x8f\xb7\xae\xd7\x58\xc1\x1b\xd2\x43\xa4\xb7\x3e\x75\x6e\
\xd7\x6e\xdd\x8e\xd7\xac\x46\x5d\xec\x54\xf9\x39\xa2\x6d\xac\x8d\
\xc1\xdb\x9f\x9d\x3c\xb9\x97\x7c\xf2\xf8\xd6\x76\xc7\x6d\xe9\x66\
\x04\xa5\x2b\x4f\x52\x51\xdb\xe2\x57\x42\xce\xb6\xd5\xcd\xed\x5d\
\x8c\xfc\x04\x68\xae\xac\x6e\x67\xae\x31\xd2\x9f\xc6\x57\x3a\x37\
\xb2\xee\xe2\xa4\x8d\xf3\x1b\x3c\xa8\x3a\x04\xf1\xc9\xc6\x5e\x74\
\x48\x8c\xcc\x4e\x31\x90\xf4\x4c\xd5\x48\xdd\x31\xb2\x3e\x7d\x69\
\xe5\xd1\xdf\x34\x13\xc2\x32\xb5\xbe\x9e\xfd\xcb\x5e\x03\x98\xfc\
\x1c\x95\x3c\x75\x7a\x88\x6d\x72\x36\xef\x47\xc1\x62\xfc\x37\x1f\
\x81\x55\x23\x74\x4e\x69\xd2\x9e\x4f\x23\xb9\xcf\xbe\x82\x8f\xa6\
\x5a\xeb\x77\x3d\x0f\xed\x2b\x6c\x67\x6e\x4d\xa3\x11\xe0\xc0\xfb\
\x47\x53\x27\xd2\xbc\x69\x5a\xf5\xaf\x4c\xe4\x3e\x89\x76\x81\x9f\
\xf9\x67\xf9\x8a\xf2\x56\x81\x68\xa4\xa2\xa0\x7c\x6a\xc5\xae\x65\
\x57\x8f\x4a\x9e\xd7\x3a\x0b\x51\xe5\x4f\x39\x53\x22\xec\x54\x83\
\xb5\x02\xd1\x49\x46\x68\x16\x8a\x28\x37\xa0\x28\xa5\xc3\x9a\x28\
\x10\xde\x97\x18\x29\x71\xdf\x49\xc3\x41\x1c\xcf\x6e\xdf\xde\x7e\
\x8d\x36\xee\xc8\xf7\x8f\xd6\xa4\x9c\x7d\xbb\x7f\x79\xfa\x34\xcd\
\x46\xd8\xcf\xf4\xbf\x5a\xb0\x75\xed\xb2\x85\xab\x68\x71\x46\x29\
\x21\x1c\xf3\x37\xcb\x49\x19\x0b\x6f\x7c\x25\xc5\xc9\xd3\x23\xd6\
\xaf\xc7\x47\x66\xf5\xbb\x4e\x9e\xec\x7d\x63\x01\x4c\xf0\xa3\x83\
\x6c\x9f\x89\x55\x6e\xe9\xae\xc0\xcc\xed\xe4\x4c\x8a\x61\x7d\xe6\
\xcf\xbc\xae\xd9\xe1\x94\x9b\x72\xc7\x3c\x6f\x09\xf4\xba\xdc\x10\
\x8d\xf7\x76\x52\xc4\x8e\x4e\x3b\xfc\x6a\xa4\xee\x3a\x8b\xb6\xee\
\x48\x48\x91\x9f\x0c\x7b\x8c\xf3\xa8\xf0\xc6\x42\x49\x8a\x39\x09\
\x98\xce\x7b\x9e\x4d\x11\x93\x6d\x84\x67\x14\x88\x20\xf9\xf5\xf2\
\xae\x2e\x90\x27\xec\xfc\xac\x9f\x5a\x77\x1c\xed\xdc\x65\x6e\x4c\
\x52\x51\x0c\x38\xc0\x9b\xd3\x44\x6d\xa0\x8e\x2c\xe1\xf3\xcd\x3e\
\x47\xb6\xe3\xfa\xe1\xf4\xa1\xa4\x8d\xc8\x5d\x88\x5e\xb2\x49\x49\
\x46\x32\x8e\xce\x47\x75\xef\xae\x7d\xcd\x25\xb9\xee\x7b\x0b\xdd\
\xca\xaf\xd8\x02\x56\xce\x79\x95\xc7\x7a\x8b\x1b\x1b\x1f\xed\x2a\
\xc8\x9c\x4a\xe7\x96\xee\xe9\xe1\x20\xc4\xa1\x95\x03\x73\xbf\x38\
\xef\xf1\xae\x7c\x35\x91\xd5\x4f\xd5\xca\x18\x9c\x05\x7a\x89\x93\
\x73\xba\xbb\x72\xe1\x8a\x33\x8b\x28\xe3\x2c\x47\x19\x0e\x66\x6b\
\x39\xa5\xc3\xaf\xbc\x8e\xee\x76\xee\x32\x52\xf0\xb1\xd1\x84\x42\
\x30\xe1\xd9\x33\x9c\x72\x79\xd3\x66\x84\x91\x43\x7e\xbb\x66\x9d\
\x07\x24\x4f\x14\xa4\xb8\xcb\xd6\x24\xcc\x65\xdb\xc4\xf7\xd4\x57\
\x4b\xb3\x3b\x7f\xb5\x3b\x2d\x0d\x26\xae\x65\xb1\xcf\xaa\x9f\xb7\
\x0f\x83\xcb\xdd\x8a\xd5\xf6\x67\xa7\x96\x2f\x31\xb7\xda\xb6\xae\
\x59\x57\x1e\xb2\xc9\xc5\x1f\x78\xee\x7b\xb3\x58\x1f\x56\xe3\x30\
\x53\xee\xb9\x3d\xe5\x03\x21\xf6\x8c\x9d\xe7\xe5\x41\xed\x3a\x4b\
\xfa\x2d\x7d\x9f\x5d\xa4\xbf\x1d\x4d\xb7\xf9\xa3\x35\xc7\x99\xd3\
\xde\x15\x67\xd5\xc7\x85\x38\x23\x84\xc2\x62\xbc\x63\x43\xab\xbf\
\xa6\xbe\x5e\xd2\x5f\x9d\xab\x87\xf3\x42\x48\x9e\x7d\xe7\x83\x5b\
\x6e\xc4\xf4\xd5\x58\xd9\xed\x78\x08\xe0\x2f\xdb\x30\x9e\x32\x89\
\xf5\x3e\x14\x4b\x1a\xdf\x57\x72\xd0\x16\x64\x31\xc6\x38\x24\xed\
\x8f\x07\xa7\xd3\xc2\x9d\x6e\xfc\x27\x22\x12\x18\x4f\xfa\x65\x81\
\xf7\x74\x69\xd6\x6f\x5b\xd4\x59\x2e\xd9\x9c\x6e\x5b\x91\x98\xca\
\x0e\x47\xdf\x4b\x3b\x56\xe6\x24\xe2\x27\x3e\x54\x0f\xdb\x39\xa4\
\x91\x91\x31\xcc\xc6\xf5\x09\x1b\xd6\x8f\x61\xf5\xb0\xfe\x99\x3b\
\x9e\x4f\xe7\x4f\xb7\x7a\x17\x32\x0e\x13\x9c\x53\x09\xee\xa0\x7e\
\x37\xc9\xbf\x7b\x9a\x50\x71\xbd\x07\x2e\x7e\x54\xae\xdd\x3c\x28\
\x11\x36\xc9\xca\x84\x04\x13\x64\xf7\x52\x33\x84\x5d\xe7\x13\xde\
\x53\x7d\x6c\x17\xd9\x93\x2d\x8f\xb2\x2f\xbe\x81\xf8\x1e\x5b\xe3\
\xe4\xd2\xa6\x79\x99\xa6\x71\x29\xb5\xb9\x38\xef\xc1\xf8\xd2\xe6\
\xeb\xca\x11\x3c\xd5\xc7\xc0\xa1\xc1\x4e\x78\xe5\x9a\x6d\xdb\x70\
\xbd\x06\x17\x22\x23\xb6\x1e\xb4\x8c\x2e\x64\x59\xc6\x38\x1c\xe2\
\x3c\xfd\xed\x2f\xab\x53\x0d\xc9\x3e\x48\x1f\x2a\x2f\x0a\x0c\x6e\
\xf6\x64\x73\x02\x57\x74\x87\x38\x75\x81\xfd\xde\xf3\xc3\xe1\x57\
\xac\x5c\x86\xa6\xd1\x72\xc2\x4e\x0e\xc2\x67\xe0\xf5\xcf\x78\xd2\
\xfa\x9b\x78\xc2\x67\xc6\x4a\xfd\x5a\xad\x73\x4b\x77\x4f\x79\xd4\
\x68\x24\x46\x6b\x99\xdb\x5f\x66\x67\x89\xdf\xe2\x6f\xe7\x43\x85\
\xe2\xd4\xd7\x68\xa3\x8e\x6d\x29\xa7\xb8\xf3\xe1\x29\xba\x1e\xd0\
\xb5\xab\x18\xe1\xb7\x7a\x3f\x6e\xd4\xb9\xc7\xf3\x3c\x6a\xe5\x05\
\x73\x4c\xe7\x2c\x83\x1d\xc5\x38\xd3\x40\xe6\xaf\x86\x6a\x7a\x2a\
\x6c\xd2\x23\x4f\x68\xe7\x11\xf3\xa7\x90\x81\xca\x20\xf9\x53\xa8\
\x68\x0f\x95\x25\x3a\x8a\x04\xc5\x47\x7a\xd4\x6f\x41\x8c\xc1\x13\
\x7c\xd4\x99\xa3\x34\x19\xf2\x32\xd1\xea\xbf\x57\xb9\xf6\x55\x60\
\xbf\x4c\xd4\xee\xfc\xdc\x72\xe6\x72\xab\x5d\xa7\x6a\xcd\xfb\x09\
\x2b\xb0\x84\xe3\xf6\x56\x41\x5c\x9d\x06\xb2\x3a\x8b\x4f\x14\x82\
\x51\xd9\x1d\xb3\xe3\xdf\xca\xac\x4b\x17\x3d\xf9\xdd\x69\x1d\xf6\
\x4e\x74\xc2\xec\x55\x07\x38\xdb\x00\xbb\x34\x71\xe4\xda\x32\xdb\
\xaa\x63\xeb\x40\xfe\xbd\x71\xd7\x7a\x43\x38\xe7\xd7\xa5\x32\x52\
\x9a\x6d\x10\xdc\xe7\x2e\x9f\x3a\x16\x6b\x8f\x64\xf8\xb4\x18\x9f\
\xd2\x5e\xf7\x7b\x3c\xfe\xed\xcf\xac\x6b\x13\x8a\xda\xfe\x91\x85\
\xbd\xd9\xf9\x73\xec\xdc\xc6\xd8\xeb\x1a\xc7\x70\xd4\xaa\xed\x68\
\xc3\xf5\x3b\x39\xfe\x80\xe7\xe1\x56\x31\xc8\x30\x54\x1a\x3c\x1a\
\x4b\x47\x74\x0c\x3e\x35\x3e\xfd\x72\x63\xc2\xa8\x51\x3a\x29\xe2\
\xd3\x81\x31\x9e\xfc\x94\xd0\xdd\x5c\x6f\xe1\xca\x9f\xb6\xce\x79\
\x72\xc7\xce\x81\x71\x97\x3c\x87\x96\x5e\x54\xf8\xb9\xc8\xae\x4e\
\x5b\x72\xf3\xa6\x45\x19\x64\x77\x76\xd8\xa7\x6c\xed\x9c\xe3\xa8\
\x6d\x40\xff\x00\x67\xbe\x8a\x6e\x1f\xf7\x27\xf3\xa2\x80\x95\xa1\
\xa8\xe5\x60\x4e\x55\x76\x51\x31\x4d\x63\xb5\x11\x42\x7a\x71\xe5\
\x51\x36\x25\x17\x23\x87\xbc\xd9\xae\x8f\x09\x87\x6a\x6b\x01\xe9\
\x41\x56\xde\xaf\x5b\x63\x04\x2f\xcd\x0e\x92\x72\x7c\xea\xdd\x9e\
\xdc\xbf\x07\xf6\xd6\xa1\x33\xaa\x2c\x5f\xc4\xa6\x36\xce\xea\x64\
\xac\x8f\x42\x86\xdd\x4b\x3d\xb9\xa7\x90\x13\xe3\xb6\xf8\x99\x0f\
\x79\x57\x21\xda\x5a\x69\x63\x87\x51\x6d\x64\x80\x12\xca\xfb\xab\
\x37\x2b\x03\xc8\xc5\x47\x2b\x08\xe4\x77\xe9\x45\x6c\x63\xaa\x5e\
\x51\x93\xe2\x98\x3e\x75\x24\x6f\xdc\x79\x11\x8f\x9b\x9f\xa5\x63\
\xad\xea\x35\x76\x1f\xd9\xde\x98\x1d\x17\x27\xc1\xab\x36\xbb\x6b\
\x55\x6f\x05\xcb\x70\xb9\x8e\xa6\x62\xfe\x54\x1d\x3f\x4b\xa7\x27\
\xd1\x6d\x77\x14\xf3\xec\x19\x03\x07\xda\x2b\xcb\xf3\xbb\x5b\x8e\
\xdf\xed\x8b\x7a\xaf\x47\xf5\x76\x78\x27\x09\xca\x06\x07\x08\xe2\
\x43\xcf\xdd\x58\x4c\xd2\x87\xe7\xba\x97\x2d\x33\x34\xa2\x54\x12\
\xc5\xcd\x4f\x69\xdc\xde\xab\x45\xde\xac\x5a\xe9\x41\x72\x3c\x8a\
\x71\xca\xa3\x8f\x2a\x90\x76\xa0\x76\x68\x39\xd2\x14\xa7\x3a\x05\
\xa5\xc5\x25\x38\xa0\x50\xa5\xe1\xa7\x05\x38\x0a\x06\x11\xcd\x38\
\x85\x3f\x1d\xf4\xe0\xa0\xaf\x72\x1e\xdd\xaf\xbc\xff\x00\x95\xa8\
\x35\x86\x25\x13\x1c\xa2\xfd\x6a\xe5\xc0\xf5\x96\x76\xfe\x67\xfc\
\xad\x55\xd7\xfe\xf4\x3b\xe3\xf8\xd0\x68\x9d\x14\xa3\xd9\xda\x69\
\x5b\x09\x71\x4d\xe2\xc3\x87\x18\x10\xf1\xc3\x51\xda\xd4\x5f\xb3\
\x6a\x13\x26\xbc\x57\x25\x0e\x09\x1b\x01\x8a\xe9\xdb\xc1\xd9\xba\
\x55\x71\x89\x3f\x42\xb9\x77\xee\x37\xac\xd8\x97\x23\xd7\xcc\x3c\
\x80\xae\xd7\x2b\x8f\x55\x8f\x19\x7b\x3c\xbb\xa6\xbb\x08\xb7\x6d\
\x4a\xd8\xe6\x24\xa3\xca\x49\xe1\x4d\xfd\x44\x94\x57\x4d\x76\x32\
\x03\x2c\x47\x18\xf0\x47\x67\xe5\x51\x67\xfb\x36\x9b\x9e\x1b\xb7\
\x3f\x0a\x40\x23\x63\x4c\xc4\xc3\x28\xcd\x53\x9a\x8e\xd9\xab\xf9\
\x25\xfd\xa2\x78\x59\xd5\x45\x73\x4f\x3b\x72\xe1\x9d\xb4\xe8\x60\
\xc2\x7b\x9d\xbe\x0d\x34\x24\x4b\x02\x49\xc8\xa3\xb3\xb7\x83\xbf\
\xd6\xae\xfe\xb7\x76\xdd\xa8\x97\x24\x5d\x8c\xad\x46\xe2\x48\xce\
\xd9\xe4\x7c\x29\xf2\x34\xb7\x64\xc2\xf4\x25\x66\x42\x64\x4c\xc4\
\xc9\x93\x6e\x9e\xea\x78\x63\x97\xeb\x53\xcb\x29\xdc\x53\xb5\x70\
\xf5\x90\x11\x18\xb3\xe7\xe3\xc8\xa6\x01\x83\xf1\xf3\x2b\xa1\x6b\
\xb2\xee\xdc\xc4\xac\xce\x32\xb6\x19\x55\xc8\x1e\x4e\xe7\xc6\xab\
\x5c\xb6\xc2\xe4\xa3\x38\x23\x17\x1c\x51\xdc\xc6\x76\xdb\x9f\x75\
\x67\xc6\xcb\xcb\x5b\x96\x70\x8e\xcd\x98\xdf\x93\x05\xc7\xb1\x27\
\x29\xdc\x66\xb2\xfa\x48\x9f\xae\x6a\x1c\x6e\x38\x3e\x35\xae\xd2\
\x81\x7a\x2c\x52\x47\x0c\x87\x1d\x3d\x96\xb2\x7a\x33\x3a\xbd\x41\
\xe3\xf8\xb5\xab\x26\x99\xdd\xda\xe4\x63\xec\xc3\x1d\x64\x9f\x2a\
\xed\xb6\xf4\x5a\x8b\x31\xb7\x72\xdb\x6a\xe0\x61\x90\xe4\x93\xb6\
\xf8\xe9\x81\xe9\x5c\xcb\x56\xf3\x0b\x2e\x39\xdd\x63\xf2\x6a\xfd\
\xd8\xed\x33\x1f\xd5\xee\xf6\x4a\xe3\x36\xe9\x66\xd5\xf5\x5d\x8b\
\x7a\x01\x73\x4f\x22\xe4\x1c\xa3\x07\x38\xdf\x1b\xe3\x72\xa8\x49\
\xb9\x07\x17\x23\x9c\x75\x7f\x3a\xec\xdb\xb9\x72\xc5\xd6\x56\xe6\
\xc6\x51\x54\x47\xa9\x8c\x7d\x6a\xc7\xad\xb1\x7e\x4c\x75\x96\x38\
\x9c\xa7\x1c\x30\x49\xdd\x0f\x07\x2f\x7d\x5e\x13\x98\xe0\xc1\xb5\
\x33\x9b\x19\x1b\x61\x7a\xf8\x25\x5b\xb3\x6e\xe7\x11\xc2\x71\x9d\
\xdb\x0f\xbb\xa3\x57\x75\x7e\x8f\x47\x82\x37\x74\x97\x49\x92\xe7\
\x04\xe1\x91\xb1\x8c\x9d\x79\xe3\x67\xa5\x73\xe3\x1d\x56\x86\x7b\
\xc5\x01\xc2\x22\x9f\x0e\x9e\xea\x74\x4b\xb6\xcf\xd1\xbd\x44\xac\
\xd9\xe3\xd3\x5d\x71\x90\x9c\x1e\x43\xdc\x8f\x27\xe7\x5d\x58\xfa\
\x67\xd8\x65\xf6\xd5\xed\x4c\xad\x4e\x32\xe0\x93\xea\xe5\x28\x89\
\xb2\x64\x3a\x79\x56\x5f\x47\xab\xb7\x73\x4b\x0d\x70\xfa\x9b\x91\
\x31\x29\x89\xec\xe1\xc2\x2b\xb2\x67\xa3\xdf\xd2\xb2\x97\xd4\xd7\
\xde\x53\x89\x6f\x49\xc9\xb7\x34\x79\x54\x69\xee\x9a\x6f\x51\xab\
\xb4\x5e\xd3\xea\x2d\xde\xb7\x23\x69\x41\x24\x3e\x19\x1a\x92\xe6\
\x8a\xdd\xc3\x75\x24\x72\x91\xb2\x57\x93\xfa\x3b\xdb\x9a\xee\xc7\
\x6e\x7e\xa3\x28\x70\x4e\xe2\xce\xdc\xe3\x92\x48\xa1\xdc\x9e\xe6\
\xb6\x9d\x9f\xe9\xde\x92\xe6\x23\xda\x3a\x7b\x9a\x69\x75\x9c\x3d\
\xb8\x7c\xb7\x3e\x14\x1d\x9b\x96\x6f\xd8\x93\x2b\x92\x9d\xdb\x6a\
\x6f\x17\x18\x3c\xa9\xf0\x2c\xdc\x38\xa2\x12\xf3\x55\x3e\x35\x6b\
\x49\xac\xd2\xeb\x6c\xfa\xdd\x25\xfb\x77\xad\xbf\xcd\x09\x0f\xff\
\x00\x14\x97\xb4\x76\xee\x3c\x70\x5b\x73\xfe\xa8\xed\x4d\x88\x63\
\x08\x9b\x11\x89\xe4\x14\xe1\xe8\xd4\x53\x6f\x58\xda\xfc\x59\x47\
\x3b\x4e\x06\x4f\x79\xd2\x9c\x4e\x33\x09\x42\x44\x8c\xe3\x23\x9f\
\x77\xfa\x50\x3b\x1b\xf5\xf1\x3b\xe9\x5d\xb9\x1e\xea\x43\x62\x9a\
\xce\x23\xbc\xa2\x6f\xdf\x44\xd1\xe6\xde\xe3\xbe\x8d\xbd\xe7\x3a\
\x8f\xd6\x45\x70\x49\x73\xcb\x02\xe2\x86\x7d\x63\x09\xcb\x1c\x8d\
\x8c\xfc\x68\x68\xfc\x8e\xc7\x3e\x94\x3b\x6c\x64\xf9\xd4\x7c\x52\
\xce\x08\x9c\xf9\xad\x0b\x25\xdf\x84\x3b\xf7\x68\x69\x16\xab\x49\
\x0b\xd2\x2e\x41\x6d\x5e\x8b\xec\xdc\x8e\xc8\xfe\x27\x85\x49\xa3\
\xed\x19\x17\x0d\x36\xbc\x2d\xdd\xe5\x19\x9b\x46\xe7\x97\x73\xe1\
\x4b\x99\x27\xdb\x43\xc0\x2a\x3b\xd6\x2d\xde\x87\x05\xe1\x91\x8e\
\x4f\x22\x83\xa7\x3b\xd6\xa0\x66\x77\x21\x1f\x39\x05\x43\x3e\xd0\
\xd2\x43\x67\x51\x05\xf0\x73\xf4\xae\x24\x6d\x9a\x07\x17\xad\x17\
\x6c\x2e\x4b\x8c\x73\x28\x78\x3d\xe7\x8f\x33\xc6\xaf\xc1\x84\xa2\
\x4a\xd9\x06\x29\x91\x88\x61\x3b\xf6\xa6\x95\x37\xfc\x57\x4c\xa1\
\x02\xec\xd7\x38\xe1\xb6\xe3\xe6\x52\x3d\xa3\x71\xfb\x1a\x3b\xa9\
\xdf\x29\x11\xa6\x2b\x8c\x2b\xdd\xb5\x35\x79\xfe\x54\xd0\x74\xb5\
\xda\xc7\xec\xd8\xb5\x1f\xbd\x35\xfa\x15\x14\xaf\xeb\xdc\x7f\x68\
\xb5\x0c\xf4\x85\xac\xe3\xe2\xd3\xb2\x86\xee\x3a\x53\x55\x0c\x1f\
\xfc\x51\x36\x8a\x7f\xac\xcc\xcc\xf5\xb7\xf9\xf2\x86\x23\x9f\x81\
\x51\xba\x78\x49\xcd\xcb\x97\x6e\x7d\xeb\x8b\x9f\x9d\x4d\x27\x9e\
\x5a\x6f\x27\xf3\x68\xa8\xe3\xa6\xb1\x1c\x62\xcc\x32\x3c\xd3\x2f\
\xce\xaa\x6b\x6d\xcb\x4f\x76\x3a\xdb\x11\xc3\x10\x2e\x44\x36\x43\
\xae\x3b\xcf\xa5\x5f\xce\x3f\x2a\x6a\x6c\xe7\x97\x8f\x2a\x02\xdd\
\xd8\xdd\xb7\x1b\x90\x73\x14\xc9\xbd\x3b\x22\xed\xbe\x37\xae\x74\
\x5f\xd4\x75\x5c\x19\xfd\x8d\xd7\xd9\xcf\xf2\xbd\x47\xc3\xba\xae\
\xfa\xc8\xbb\x71\x67\x3c\xb1\xbf\xd2\x81\xf9\xe7\xca\x93\x2f\x47\
\xa5\x37\x88\x53\x11\x93\xee\xa4\x64\xe3\x24\x53\xcd\x0a\x0c\x6f\
\xe9\x13\x7b\xfd\x9e\x1d\x21\x73\xeb\x1a\xc8\xf0\xd6\xbf\xd3\xfc\
\xba\x9d\x06\x40\x7d\x5d\xcd\x87\x38\xde\x35\x94\x0c\x34\xa3\xa7\
\xa4\xc1\xa4\xb3\xde\x44\xab\x20\xf5\x3e\x15\x5f\x49\xfc\x2d\xaf\
\xba\x54\xe2\x3b\x63\xdd\x9a\x07\x0a\x39\x0c\xec\xec\xed\x4a\x20\
\x81\x87\xb9\xef\xa6\xec\xb8\xe5\xe0\x52\x99\x10\x0e\x5d\x68\x17\
\x6c\x8f\x2d\xb9\x74\xa7\xe1\xce\x13\x63\x73\x14\xc3\xae\xf9\xc9\
\x4e\x36\x31\xdc\x79\xe7\xce\x81\xdc\x47\xf4\xbf\x02\x8a\x6e\x25\
\xfd\x52\xa2\x83\x8b\x6b\xb4\xf5\x90\x3d\x9b\xf2\x91\xdd\x2c\x48\
\xf9\xd5\xbb\x5d\xb9\x70\xda\xf5\x88\x4b\xc6\x2a\x3f\x8d\x72\x5b\
\x62\xab\x1c\x78\xe3\x1f\x32\x93\x85\x39\x49\x3c\xdc\xfd\x68\x34\
\x30\xed\x7d\x2c\xf6\x9f\x1d\xb7\xfb\xc6\x43\xde\x55\xbb\x77\xac\
\xde\x33\x6a\xec\x27\xe0\x48\xcf\xc2\xb2\x87\x11\xcc\x8b\xf2\x69\
\x78\x81\x14\x47\x3d\xd9\xfa\x50\x6b\x18\xd2\x70\x8d\x66\x2f\xea\
\xae\x5a\x87\x15\xab\xb3\x84\x88\xa8\x8a\x6e\x15\x3e\x93\xb6\x35\
\x70\x84\x59\xca\x37\x86\x22\xf1\x73\x1c\x1d\x4a\x6c\x77\xf8\x46\
\x93\x80\xcd\x73\xed\x76\xd5\xb4\x3d\x65\x89\x1d\xec\x64\x3f\x5a\
\x9e\x3d\xab\xa2\x9b\xbd\xc9\x43\xef\x45\x3e\x99\xa0\x9d\xb6\x77\
\x53\x1b\x23\xd2\xa5\x85\xfb\x17\x7f\x77\x7e\xdc\xbc\x09\x19\xf8\
\x54\x8c\x1c\x67\x18\xa0\xe3\x76\xd5\x92\x3d\x93\xa8\x90\x6e\x44\
\xfa\x95\x90\xce\x2b\x6f\xdb\xf1\xc7\x62\x6a\x9f\xee\x9f\x52\xb1\
\x14\xa1\x72\xd2\x8d\x25\x15\x04\xb0\x77\xab\x36\x9c\xe2\xaa\x47\
\xc2\xac\xda\x77\x33\x41\x72\x0e\xd9\xa9\x0e\x55\x1c\x1d\xaa\x4c\
\xed\x40\xb9\xa5\x1d\xa9\xb9\xef\xa5\xc9\x40\xec\x94\xe1\xc3\x51\
\x8d\x2e\x68\x26\x25\x4f\x25\x50\x12\xa5\x24\xe6\x82\xc9\x2f\x1a\
\x70\xf8\xd5\x72\x54\xee\x3a\x07\xdc\x4f\x59\x6b\xef\x3f\xe5\x6a\
\xb6\xb3\xda\xbf\x13\x3c\xe2\xfd\x6a\x49\xc9\xf5\x96\x9f\xef\x3f\
\x46\xa3\xbc\xf1\x6a\x63\xf7\x1f\xa9\x48\x3b\x73\xd7\xce\xe6\x8e\
\xdd\xab\x60\xc6\x0e\xec\x51\xe8\x09\x93\x7e\x9d\xd5\x01\x7e\x2d\
\x9b\x56\xd1\x18\x5d\x94\x95\xe5\x84\xa2\x7a\x4d\x25\xe2\xdb\x6a\
\xec\x5b\x8c\x4e\x26\x47\x0a\x38\x36\x13\x0f\x3a\x86\x5a\x7d\x44\
\x01\x8a\xcc\x45\x09\x04\x8c\x79\x98\x4f\x9d\x74\xc9\xcf\x1c\xe5\
\x59\x24\x3a\x7d\x30\x22\x97\x2e\x64\x1d\xcc\xe2\x87\xf8\x6d\x27\
\xdc\xb9\xfe\x66\xa9\xc5\x54\xcc\x18\xb9\xe7\x17\x27\xc1\xc3\x52\
\xc6\x73\x78\x62\x48\x97\x00\x84\x5d\x90\x79\xec\xe1\xe7\x59\x74\
\xdc\x4b\xa9\x3f\x63\x6f\x97\xf0\x91\xfa\xb5\x6f\x11\xff\x00\x89\
\x4b\x8e\x39\x8f\xad\xb6\x27\x79\x82\xa9\xdc\x2e\x4b\x4d\xc4\xdb\
\x48\xc6\xd1\x6b\x3d\x5c\x2e\xff\x00\x3a\xb7\x6e\xe4\x6e\x6b\x78\
\xe0\xe4\x95\xdb\x68\xbb\x72\x02\xa0\xeb\x5b\x80\x5e\x63\x17\x11\
\x59\xa1\x1d\xb6\x39\x1e\x55\xcb\xd7\xc1\x8d\xd8\x5c\x8e\x4e\x23\
\x0a\x77\x98\xfc\x1a\xb5\xa3\xd5\x10\xb9\x3b\x72\x19\x48\x6e\x31\
\xee\xc6\xfc\xeb\x95\x7a\xed\xdb\xa9\xeb\x65\x9c\x26\x03\x60\xdc\
\xe4\x7e\x75\xb8\xcd\x85\x8c\x99\x5c\x8e\x08\x93\x4c\x12\x5e\x10\
\x53\x19\x5e\xea\xcd\x68\x60\x9a\xbb\xeb\x94\xca\x0b\xd5\x16\xbb\
\xf2\x73\x17\x1d\xcf\xd2\xb3\xda\x49\x26\xb3\x51\xbb\xb3\xb7\xc5\
\xae\x97\xf5\x63\xdb\xb3\x64\x18\x69\x71\xd7\x52\xe7\xff\x00\x4b\
\x57\xae\xc1\x49\x38\x4e\x22\x49\xdc\xe4\x0f\xc2\xb9\xd6\x67\x8b\
\x7a\x6c\x74\xbf\x27\xe4\xd7\x7e\xdd\x8b\x13\x84\x78\x2e\xfa\xbb\
\x8c\x4c\xc6\x5b\x65\xdb\x6c\xf2\x79\xf5\x2b\x96\x38\xed\xbb\x64\
\x73\xe7\x11\x67\xff\x00\x53\xfe\x5d\xea\xd7\x67\xc2\x12\xd4\x2c\
\xf7\x90\xa8\x26\xc9\xc6\xef\x4f\xbf\xa3\xb9\x03\xdb\xb7\x93\x7f\
\x6a\x3c\xb9\xfc\x3e\x95\x57\x17\x2c\xdc\x2e\x41\xcb\x14\x41\xd9\
\x77\xca\x78\xe7\x7e\xfa\x5c\x6c\xed\x66\x52\xba\x7a\x8b\x6d\xcd\
\x34\xa3\x15\x27\xc3\x98\xbe\x20\xa5\x73\xb5\x52\x9c\x98\xf1\x49\
\x97\x0b\x28\x83\xbe\x01\xe5\x52\xea\x75\xdc\x70\x6d\xda\x58\x8c\
\x7d\xa5\x30\xfd\x97\x63\xbb\x7a\x8a\xf8\x2e\x44\x46\x53\xc2\x79\
\xd4\x93\x67\x5c\xb9\xdd\xa5\xc5\x3e\xcd\xbf\x68\x9b\x6e\x04\x59\
\x31\x8b\x81\xeb\x87\xbf\x3d\xd5\xc2\xec\xb6\x52\xb7\x1e\x29\x2f\
\xed\x36\xcb\x9c\x1b\x56\x8b\xb4\x60\x7f\xc3\xef\xbd\x48\xa5\x67\
\x7b\x24\xc5\xb8\xe7\xfa\xff\x00\x2a\x5c\x74\x4b\x2b\xbb\xa2\x91\
\xc4\x8b\x70\xe6\x8c\x45\x0d\xde\x78\xfc\x4a\xb9\x28\xcd\x31\xec\
\x5c\x3f\xf4\xbf\x97\xd2\xa0\xec\xbb\x5a\x7b\xb6\xe4\xdd\x9c\xad\
\xdc\x8c\xf3\x09\x86\x40\xdf\x22\x73\xae\x9e\xa6\xc5\xcb\x7a\x46\
\xf5\xb8\xc7\x50\x01\xb4\x1c\x99\x7b\xde\x87\x9d\x44\xf2\xe5\xc9\
\xb5\xab\xbd\xa2\xd5\x17\x34\xb7\xae\xe9\xae\xe7\xed\x45\x63\x9f\
\x86\xcf\xce\xb5\xfd\x95\xe9\xbe\xae\x44\x2c\xf6\x8c\xc0\xe4\xde\
\x85\xbc\xaf\x99\x9c\x7b\xcf\x85\x61\x6e\x5f\x9b\x3c\x6a\x2d\x91\
\x57\x72\x23\x83\xdc\xf3\xab\x56\x02\x51\x25\x62\x71\x96\x37\x62\
\xe4\xc7\x99\xcc\xf3\x32\x51\xa7\xad\x59\xb9\x2d\x4d\x98\x5d\x86\
\xbe\x77\x61\x23\x69\x41\x88\x3f\x03\xe5\x4d\x34\x56\xa0\x49\xb3\
\x29\x5b\x9c\x9e\x26\x43\xba\xf8\xf7\xd7\x9b\xe9\xbd\x22\xd5\xf6\
\x34\x63\x2d\x28\x2c\xe4\x46\x76\xae\xe5\x8b\xb7\x3c\x1c\xfc\xc6\
\xb4\x9d\x89\xe9\xa5\xbd\x5d\xd2\xcf\x69\x5a\xb7\xa6\x5c\xe2\xec\
\x65\x88\x1c\xb6\x73\xb8\xbd\xf9\xc5\x06\x97\xd6\x16\xcc\x5e\x81\
\x8f\xeb\x05\x3d\xe7\x32\xa6\x8b\x1e\x11\x89\x14\x79\x27\x2c\x53\
\x23\x72\xdc\xe0\x4e\x37\x23\x28\x3c\xa4\x48\x47\xc9\x36\xa8\xa5\
\x08\xc6\x4c\xac\xc9\x84\x9e\x60\x64\x7c\xcf\xf6\xd0\x5a\x65\x8e\
\xae\xd4\x99\xcf\x2c\x78\x55\x73\x50\xc3\x05\xe8\x4a\x19\x70\x21\
\x91\xf1\xf0\xf7\xd4\x99\x5e\x51\x71\xe6\x05\x04\x99\xcb\xcd\xa3\
\x3b\x7e\x34\xcc\xc9\xdb\x00\x79\xd0\x92\x7a\x87\x91\x40\xec\xf8\
\x50\xe5\x3c\x29\x88\xbc\xe4\xfb\xb0\x51\xc1\x9d\x96\x49\xe2\xd0\
\x2e\x04\xc6\xde\x26\x36\xaa\x53\xb5\x3d\x24\x9b\x9a\x54\x6d\xae\
\x65\x65\x40\x7b\xd8\xf7\x3f\x26\xae\x70\xc5\x73\x83\x3e\x34\xa4\
\x43\x90\x7c\x0a\x08\x6d\x6a\x6d\x5f\x8f\x14\x24\xed\xb4\xa2\x89\
\x28\xbd\xc9\xd2\x9e\xcb\x6c\x04\x97\xca\xa2\xbf\xa5\x65\x32\xed\
\x89\x7a\xab\xc1\x8e\x23\x94\x8e\xe4\xea\x51\x62\xff\x00\x1c\x9b\
\x57\xa2\xda\xbe\x19\xe1\x5d\xa4\x77\xc5\xea\x7c\xca\x09\x19\x49\
\x76\x8b\xef\x42\x91\x65\xdc\x7c\x56\xa4\xc6\xdb\xe3\x14\x8c\x77\
\xeb\xca\x82\x24\x92\x63\x21\x9f\x0e\x54\xd6\x2f\x36\x4b\xe4\x05\
\x4e\xc7\x1d\x02\x9b\xc1\x83\x01\xe5\x8a\x08\x78\x3c\x64\xf8\xe6\
\x91\x84\x45\xc9\xf1\xde\xa7\x2d\xc9\x04\x8a\x98\xe8\x34\xe8\xe9\
\xae\xbc\xad\xcb\x1e\x26\x29\xb1\x52\xed\x88\x5c\xb5\x2b\x72\x89\
\x89\x73\xc6\xc8\xf7\x9e\x25\x57\xd1\xdc\x99\x27\x4d\x7d\xcd\xc8\
\x72\x7f\xa8\xe8\x95\xd5\xfd\x4a\xfb\xbf\x09\xef\x4a\x8f\x51\xd9\
\x57\x2e\x11\xbb\x1e\x12\xe5\xbd\xe3\x87\x9f\x85\x41\x0e\x3c\xca\
\x13\x6d\xca\x4b\x52\x95\xc8\xaf\xb2\x26\xc8\xe7\x23\xe5\x52\x70\
\xcb\x3b\xc8\xf7\x15\x46\x2b\xf4\x80\x7f\x6a\xec\xfc\x98\x7d\x5d\
\xcf\xac\x6b\x29\x80\x6b\x59\xfa\x41\x13\x55\xa0\xdd\x73\x6e\xe7\
\xd6\x35\x94\x0d\xf9\x52\x8e\x96\x93\x1f\xaa\x5a\xdd\xfb\x26\xe5\
\x4c\x0e\x39\x72\xa8\x34\x98\xfd\x56\xdf\xdd\x3c\xea\x61\x05\xce\
\xe3\x40\xe3\xbf\x9f\x8e\xfc\xe9\x71\x85\xea\x67\xa1\x8a\x6e\x5d\
\x97\x6c\x77\x6f\x8a\x58\xae\x36\x77\xef\xe5\x40\xb9\xdf\xa6\xdd\
\x4a\x5e\x49\x9e\xee\x47\x9f\x2a\x43\x1b\x6d\xb5\x18\x07\x22\x6f\
\x9c\xf4\xa0\x7f\x14\x7b\x8f\x8d\x15\x1f\xfd\x4f\xc4\xa2\x82\x00\
\x67\xc3\xc7\x66\xcc\x99\x5a\xe3\xc8\x31\xc1\xee\xeb\x55\xe3\xa7\
\x2e\x49\x81\x02\x4e\x71\x80\xf2\xfc\xea\xcd\xb9\x0b\x10\x47\x1a\
\x74\x77\xeb\x9e\x54\xba\x6d\x4b\x62\x49\x23\x31\x5d\xf0\x6e\x72\
\xf8\xd5\x89\xad\x2b\xea\x3b\x30\xb3\x6a\x32\x73\xc2\xf3\x22\xf2\
\x7a\x7d\x2b\x99\xda\x16\x27\x62\xcf\xad\xb3\x71\x38\x64\x09\x24\
\x73\x9f\x0a\xd2\xea\x75\x56\x4b\x18\xc9\x73\x8e\x2e\x22\x3c\xcc\
\x3b\xaf\x4a\xcf\x76\xab\xfd\x96\x59\xe6\x27\xd6\x96\x70\x22\xd4\
\xb9\xb5\x2d\xdd\xa2\xfd\x1a\x8a\x08\x42\xd8\x41\x94\x98\x81\xc3\
\xb2\x6d\xce\x9f\x7b\x7b\x53\xeb\x88\xbf\x46\xac\x76\x4d\xa8\xde\
\xbf\x66\x32\xdb\x36\xd4\x7b\xb1\x11\xa9\x15\x58\x27\x8d\xb8\x8f\
\x07\x0d\x12\x2e\x0e\xe1\x9f\x11\x2b\x49\xa9\xd1\xd8\x85\xa9\x4e\
\x76\x60\x82\x2b\x15\x8b\x87\xa0\x6e\x55\x0f\xd5\x34\x72\x70\xca\
\xe5\xa7\x7d\xf8\x49\x19\x3a\x6c\x95\x74\xcf\x95\x8e\x47\x13\xd6\
\x39\xf2\x46\xa6\xb5\xaa\xbb\x69\x3d\x5d\xeb\x96\xf1\xdd\x24\xff\
\x00\x4a\xb9\x2e\xce\x25\x15\xb5\xaa\xb6\xbb\x60\x93\x85\xcf\x76\
\x4a\x8b\xfe\x1b\xaa\x17\x82\xdf\x18\x67\x78\xef\xcb\x9f\x2a\x69\
\x77\x11\xeb\x7b\x47\x53\x7b\xb3\x6f\x5a\xb9\x74\xb9\x19\x44\x1c\
\x86\x79\x8f\x32\xb8\x55\xdb\xd4\xe9\x6e\x1a\x0d\x45\xc9\xc4\x8f\
\x0c\x45\x25\xcf\x74\xdc\xda\xb8\xbc\xea\x55\xec\x94\x1b\xb4\xb4\
\x54\x0e\x87\x3a\xb1\x6b\xa5\x57\x8d\x58\xb5\xd2\x82\xdc\x39\x54\
\xa5\x45\x0e\x55\x2d\x02\xd1\x49\x4a\x50\x19\xa5\xce\x29\x28\xa0\
\x70\xe6\x8c\xe2\x9a\x34\xb4\x0e\x1d\xa9\xc3\x4c\x36\xa5\x1a\x05\
\x9b\xed\xda\xfb\xcf\xd1\xa6\x5f\x91\x1b\xd6\xd7\xfa\x64\x7d\x29\
\xd3\x33\x3b\x7f\x79\xfa\x35\x5b\xb4\xa5\xc0\xd9\x73\xd1\x3e\x94\
\x1d\x28\x83\x0b\x62\x73\xb8\xe7\xa6\x76\xa5\xb5\x7a\xe4\x25\x06\
\x17\x25\x15\x9b\x1d\xf7\xc1\xe0\x52\x41\xcc\x6d\x1f\xfe\xe2\xfc\
\xa9\xb0\x71\xea\xfa\xfe\xd1\xe7\x5d\x72\x62\x49\x7b\x58\x86\xad\
\x94\x60\x5c\xb5\x0b\x83\x98\x87\x27\x6e\xaf\xc2\xa5\x85\xed\x2c\
\xc3\x8c\x98\x11\xc7\x0c\xb7\x24\x9c\xf1\x9e\x55\x4a\x18\xc5\xa7\
\x38\xf6\xe5\xf8\xd2\x41\x48\xdb\xfb\xb2\xfa\xd6\x35\x4f\x19\xe9\
\xa7\xb1\x0b\x57\xec\xa6\x9e\x71\x9c\x40\x18\x08\xe0\x7a\x61\xae\
\x75\xdd\x3b\x66\x72\x89\x1c\xc4\x50\x4c\x9e\xed\xf6\xdb\xc1\xae\
\x55\xbb\xb2\xb4\x12\xb7\x26\x32\x8d\xa1\x11\x4e\x6e\xfc\xab\xaf\
\x63\x59\x70\x88\x12\xe2\x04\xda\x46\x77\x4e\xb4\x5d\x65\x0c\xb7\
\x29\x5a\x98\x92\xe1\xc6\x72\x48\xc6\xcf\x33\xba\x9b\x7a\xdb\x82\
\x46\x1c\x60\x53\xae\xe5\x5a\x8d\xeb\x53\x02\x76\x81\x44\x18\xbc\
\xde\xf4\xaa\xf1\xe1\x44\xe1\x63\x9e\xb1\x71\xf2\xad\x44\xdd\x54\
\xdf\x08\x98\xc0\x9f\x26\xb3\x76\x25\xc3\xa8\xd4\x3f\xde\xc7\xcd\
\xad\x45\xc1\x09\x84\x89\x60\x7e\xd1\x87\x97\x7f\xfa\x56\x4e\x32\
\x49\xdf\x51\x3d\xa3\x6f\x7b\x5d\x2f\x4c\xfb\x75\xb4\xf2\xcd\x8d\
\x3a\x7f\xe7\x4b\xe8\xd6\xa7\x4f\x65\xbd\x7e\x62\x2c\x4b\x6a\xb8\
\xe4\xf0\x47\x1e\xfa\xc9\x68\xd5\xd2\xe9\xbf\xc7\x4f\x93\x5a\x4d\
\x3e\xba\x30\xbb\x72\x43\xc2\x36\xe4\x03\xb8\xbc\x20\x67\xde\x35\
\xc2\x74\xe9\xed\xd6\x9c\x6e\x46\xd4\x67\x62\x4c\x67\x96\x38\xce\
\xc8\x26\x04\xf7\xd5\x69\xdd\xb7\x39\x5c\x85\xfb\x03\xc0\xe1\x94\
\x36\x79\xa6\x71\xcb\x76\x93\x51\xab\x27\xa6\xb6\x5b\xdb\x8a\x52\
\xca\x3c\xb7\x8e\xc5\x47\x3f\xde\x6a\x7e\xf9\xff\x00\xf9\x2b\x73\
\x3c\xa2\x5c\x25\x36\xe6\x86\xdd\xc3\x3a\x6b\xf1\x47\x7e\x09\xec\
\xfb\xb3\xe7\xd1\x2a\xbc\xec\x5c\xb2\xf0\xdc\xb7\x28\xae\x77\x1c\
\xfb\xf1\xd4\xdb\xa6\x6a\xc3\x12\x4c\x49\x19\x0d\x38\xfb\xc8\x28\
\xd4\x37\x89\x10\xb4\xac\xa4\xa4\xb1\x97\x38\x09\x60\xc5\x6b\xcb\
\x1a\xce\xb2\x8a\x7d\xa2\x1f\xf0\xcb\xec\x64\x27\x0e\x1e\x89\xe6\
\x56\x6f\xb2\x7f\x76\x7d\xea\xd3\xeb\xe3\xeb\x7b\x33\x52\x4d\xc7\
\x0d\xa6\x43\x8c\xb9\x0e\x55\x98\xec\xa7\x04\x01\xce\x6e\x7e\x55\
\x3e\x4f\x4d\x62\xef\xf6\x74\x73\x66\x6e\x36\xe2\xfc\x1a\xbb\x19\
\xdc\xb5\x2e\x2b\x72\x94\x51\xe8\xe3\x3b\x9b\x54\x3d\x99\x16\x36\
\x67\x8e\x5c\x49\xb9\x93\x3b\x95\x6a\x50\xce\xe0\x9d\xcf\x33\x99\
\x5c\xfd\x35\xd9\x67\x7b\x4f\xaa\x87\x0e\xb3\x4f\x19\x49\x30\x5c\
\x80\x45\xf7\x9c\x9e\xbd\x3a\xd5\x0d\x4f\x66\xda\x84\xc9\x69\x6f\
\xbb\x99\x38\x84\xc3\xdd\xe0\xfe\x75\x67\x87\x7c\x63\xfd\xef\x52\
\xde\xb7\x20\x80\x89\x98\xe4\xc9\xcc\xab\xdb\x3a\xd5\xdb\x3d\xda\
\x9a\x99\xc2\xed\x8d\x2e\xa2\x02\xce\x42\x4c\x77\x1c\xe3\xfd\xb5\
\x62\x70\x63\x19\x44\xcb\x81\xe6\xe7\xa9\x49\xe9\x4d\x88\xd9\xd7\
\xf6\x57\x06\x56\x70\xe2\x55\xce\xfc\x47\x2a\xb7\x6f\x4a\xea\x64\
\xdb\x8c\xc8\x32\x14\x92\xe0\xc9\x8d\xb3\x53\xdb\x5e\x95\xf4\x3d\
\xa1\xab\xec\xfb\x84\xb4\x9a\x8b\xba\x77\x3b\x83\x81\xf3\x1d\x9a\
\xd7\xf6\x4f\xa6\x97\x76\xb7\xda\x76\x09\x9c\xbd\x6d\x93\x0f\xbe\
\x3c\x9f\x76\x3c\xab\x23\xa8\xd1\xeb\x74\x52\xc6\xa6\xc3\x28\xf3\
\x24\x1c\xcf\x33\x67\xe7\x52\xd9\x2d\x7a\xa8\x4b\x32\xb2\xcd\x78\
\x49\x98\x1c\x73\xc3\xcb\xaf\x85\x39\x4d\xc7\xab\x69\xb5\x1a\x7d\
\x6e\x9c\xbb\xa7\xb9\x1b\xb6\xe4\x73\x3a\x78\x23\xca\x9c\x59\x94\
\x37\xb1\x22\x3d\x78\x5d\xe2\xf9\x77\x7b\xab\x29\x6f\xb4\x5e\xc1\
\xec\x0b\x9a\xa2\xcc\x6e\x5c\x8c\x49\x5b\x96\x5e\x0b\x99\x4d\x94\
\xdc\x4c\xf2\x79\xf4\x5a\xb3\xe8\xdf\xa6\xb6\xbb\x46\xeb\x0e\xd3\
\xd2\xda\xd3\x73\xc5\xc8\x4a\x4c\x76\xc6\xc8\xe5\xdf\x3c\xe8\xad\
\x1c\x6e\x0c\x88\xcc\x61\x37\xa2\xec\xbe\x0f\x26\xa4\x50\xe6\x95\
\x6a\x1f\xaa\x6b\x2c\x66\xdb\x6a\xf5\xb9\x75\x8a\x27\xc4\xaa\xf3\
\xd1\xdd\xb1\xbe\x9d\x2e\xc3\xfa\x26\xe2\x47\x94\xba\xf9\x3f\x1a\
\x6c\x33\x8a\x39\xe6\x79\x51\x91\xe5\x97\xc8\x68\xb7\x7a\x13\x93\
\x1d\xe3\x33\x9c\x24\x61\x3d\xdd\x7d\xd5\x26\x3c\x28\x23\xdf\xfa\
\x57\xcf\x05\x2f\xb5\xbe\x22\x7b\xda\x73\x8d\xb7\x03\xc6\x93\x8a\
\x26\xca\x6f\xe3\x40\xdc\x49\x79\x44\x71\xe2\xd4\x77\xf4\xd1\xbf\
\x0c\x4d\x36\x72\x31\x30\x8f\x78\xe7\x25\x4c\x4c\x0c\x19\x7c\x85\
\xa5\xcf\x70\xbe\x45\x36\x2b\x58\xbb\xfa\xbc\xcb\x5a\xf5\x94\x57\
\x10\xbe\x6c\x78\x12\xc7\x27\xc7\x97\x95\x75\x23\xa7\xb5\xcf\x87\
\x3e\xfc\xd5\x39\x04\xe2\xc6\x50\xcc\x53\x08\xe3\x0d\x43\x6a\x77\
\xf4\x03\xea\xa2\xdd\xd3\x9c\xad\xe7\x32\x87\x93\xd4\xf0\xf8\x54\
\xd8\xea\x96\xad\x9c\xa1\x13\xdd\x4e\xe1\x0e\x41\xf0\xaa\x30\xd6\
\xca\xec\x09\xda\x6d\xb1\x79\x26\x5f\xcb\x7f\x0a\x57\x51\x79\xfe\
\x78\x9e\x51\xfc\xda\x0b\xd4\x57\x39\xbd\x79\x31\xeb\x65\xee\x03\
\xf0\xa6\x4a\x73\x76\xf5\xb7\x3d\xf2\x4f\xa5\x07\x52\x9a\xce\x31\
\xe7\x28\x9e\x6d\x72\x24\x2f\x35\x7c\xd5\xfa\xd4\x78\x88\xe4\x8c\
\x4e\xfd\x8a\x07\xf6\xa3\x6b\x4f\x71\xd5\x5a\x9c\x65\x15\x0b\x91\
\x8a\x29\xbf\x3c\x7d\x69\xb1\xb9\x19\x03\x17\x22\x64\xc0\xe2\x91\
\xc2\x61\x0c\x26\x13\x1b\x27\x75\x54\xb2\xba\x6b\xde\xa2\x4b\xea\
\xa5\x96\xda\xbc\xbb\xe3\xee\xe9\xe1\x41\x97\xfd\x20\xa3\xaa\xec\
\xfc\x67\xf7\x77\x33\xb6\x3a\xc6\xb2\xa7\x4a\xd4\xfa\x7e\x92\xd5\
\x68\x30\x9f\xbb\xb9\xf5\x8d\x65\x83\x7a\xb4\x74\x34\x98\x74\x96\
\xb2\xff\x00\x29\xca\xa6\xdb\x1b\x0e\xfd\x6a\x1d\x22\x3a\x6b\x6e\
\x3f\x94\xa9\xb2\x86\xe6\x43\x67\x2d\x02\xe5\xe8\xf3\x69\x44\x37\
\xc6\xdc\x8c\xfd\x69\x1d\x81\x40\x3c\x7a\xd2\x73\x39\x8f\x5a\x07\
\x01\x93\x0e\x73\xe3\x46\x7a\xe4\x03\x3b\x79\xd3\x72\x1c\xba\xe3\
\xdf\x4a\x2e\x15\x43\x6c\xef\xd1\xa0\x5e\x17\xb8\xf8\x14\x51\x98\
\xf7\xcb\xe3\x45\x05\xbd\x4f\x66\xc2\x70\x6e\x42\xe5\xa1\x89\x9e\
\x28\xc8\x0c\x78\x9b\x67\xeb\x5c\x77\x39\x76\x8a\xe7\xa2\x99\xe5\
\xde\x79\x54\x7a\x29\x2a\xc6\x4f\x14\x63\x62\x52\x8c\x5d\xc1\x31\
\x84\x3a\x34\xd2\xf8\xc9\x24\x61\xcb\xb9\xe6\x56\xf8\xbd\x33\xaa\
\x7b\x83\x3e\xcc\x8f\x23\x3d\x1e\xef\x3a\xa1\xda\xb2\x3f\x56\x72\
\xe3\x29\xcc\xc7\x5a\xbc\xe1\x32\x22\x27\x33\xc9\xaa\x7d\xa6\x9f\
\xa9\xcc\x48\xaf\x11\xbb\x9c\xe3\xb8\xf0\xac\xd9\x74\xa8\x24\xfe\
\xce\xe9\xfd\xd9\x3f\x26\xac\x76\x75\xd6\xc4\xec\x5c\x88\x32\x2d\
\xa6\x1e\x5f\x64\xaa\x77\xa6\x44\x98\xbc\xe1\x2a\x97\x47\x33\x16\
\xde\x3e\x1e\x18\xe3\x27\x33\x21\x9a\x92\x7a\x2d\xd3\xbd\xa9\xd5\
\x37\xed\x70\xf0\x81\xc5\x15\x47\x23\x50\x64\xe2\x33\xb7\xb5\x2e\
\x7e\x54\xd6\xc8\xb8\xb7\xad\xb3\x2d\xc0\xe3\x38\x54\x7a\xee\x1f\
\x5a\x71\xa7\xd5\xe3\x31\xb7\x0b\xbb\xae\x6d\xcc\xe4\x73\xea\xd6\
\xfc\x32\x4f\x38\x6f\x0f\xb1\x97\xfa\x23\xf5\xa9\xad\xd9\xbb\x2e\
\x29\x5b\x14\x8c\x91\x62\xe1\xe5\xca\xa1\x94\x6e\xc0\x4b\x96\xae\
\x5b\x30\x73\x8e\xd8\xe6\x6f\x57\xb4\x9a\xdb\x51\x87\x0c\xc2\x38\
\xca\xa6\x70\xbe\x27\x46\xa6\xac\xf4\xbb\x8e\x6f\x6a\xdf\xbd\x2e\
\xc9\xbd\x09\x5d\x94\xa2\xc2\x2a\x2e\x77\xc9\xdf\xcb\x95\x66\x2b\
\x4d\xdb\x37\x8b\xda\x2d\x44\xc0\x8e\x62\x00\x63\xa3\xd7\xc6\xb3\
\x3d\x6b\x34\x9a\x14\x51\x45\x45\x3a\x35\x62\xd7\x4a\x82\x25\x4f\
\x6b\xa5\x05\xb8\x72\xa9\x6a\x28\x72\xa9\x4a\x02\x96\x8a\x28\x0a\
\x28\xa2\x80\xeb\x4b\x49\xd6\x96\x81\x69\x4a\x4a\x50\xda\x80\x97\
\xef\x2d\x7d\xe7\xe8\xd5\x4e\xd9\x70\x59\xf2\x7e\xb5\x6e\x5f\xbc\
\xb5\xf7\x9f\xa3\x54\xfb\x6b\xfe\x4f\x93\xf5\x2a\xc2\xba\x24\xe4\
\x11\x62\x46\x44\x5c\x9c\x28\xf3\x37\xce\xf4\xd2\xe0\x31\x24\x26\
\x26\xae\x79\xe1\xae\x5c\xad\xdb\xf5\xb2\x63\x19\x46\x59\x72\xdb\
\x96\x1c\xf9\x67\xf0\xa9\x63\x76\xec\x00\x35\x13\x3c\x2e\xc4\x47\
\xdf\xb5\x74\xbc\xb3\x26\x9d\x0b\x72\x16\xde\xe6\xd2\x57\x7e\x59\
\xa5\xb6\xed\x6f\xa9\xc3\x2a\xa6\xde\xba\x39\x95\x88\x5c\x33\xce\
\xdc\xb0\xfc\x1a\x23\xab\xb5\x19\x62\x4d\xdb\x4e\x7f\x9a\x39\x3e\
\x25\x67\x56\x2e\xe2\xdb\xbd\xa7\x97\xee\x4d\xbd\xf5\x72\x12\x62\
\xa8\xe3\xda\x8f\xd0\xae\x7c\x2e\x46\xe0\x96\xee\x42\x63\x1e\x1d\
\x93\x38\xab\xdc\x4a\xac\xa2\x99\x47\xc3\x6a\x2a\xed\xa7\x89\x24\
\x0e\x06\x43\xe0\xe6\xa5\xd2\x96\xe5\x7e\x11\xb8\x64\x76\x37\xc6\
\xfb\x62\xaa\xe8\xb5\x25\xb9\x96\xe6\xad\xa9\xb2\x24\x77\x2b\xb2\
\x78\xd3\xe2\xa6\x11\xdc\x44\x7e\x15\x62\x2e\x76\xa4\x4b\x31\xb5\
\x72\xd9\x18\xf0\xae\x36\x31\x9c\x67\xdf\xca\xb0\x77\x10\xf5\xe6\
\x01\xe3\xce\x4e\x6e\x56\xb5\xfa\x9b\x92\xbb\x6f\x8a\x72\x64\x99\
\xdd\x7c\x1a\xc7\x5c\xe7\x7f\xef\x9f\x56\xba\x7f\x97\x3b\xdb\xa7\
\xd9\xe6\x74\x5a\x67\xbf\x50\xfd\x1a\xd0\x7e\xa5\x39\xc0\x95\xab\
\x90\x9e\xd9\x63\x91\x4e\x46\x30\xe1\xeb\xdf\x59\xde\xcf\x90\x69\
\x34\xe7\x76\xa1\x7e\x4d\x77\x25\x34\x54\x5c\x99\x47\x3d\xc0\x95\
\xc1\xbb\x29\xcd\xab\xb6\x24\x92\xb7\x28\x39\xe9\xcb\xe0\xe3\xbb\
\xbd\xa9\xad\xdf\x94\xb8\x85\x19\x49\x19\x67\x23\x92\x59\xeb\x8e\
\xb4\xd8\x6b\x2f\xdb\xe2\x8f\x1b\x28\x8b\xec\xc8\xc8\x82\x38\xdf\
\xc5\xa9\x23\xa8\xb1\x3d\xae\xd8\x04\xdb\x30\x71\x9d\xd3\x93\xb6\
\xed\x13\x79\x4e\xd2\x46\xe8\x23\x21\x8e\x2c\xb0\xdc\xe6\xf0\xa7\
\xcd\x4a\xe8\x69\xa3\x6e\x7a\x18\x21\x1e\x23\x8e\x32\x72\x3c\xdf\
\x97\x3a\x8e\x51\xd2\x6a\x74\x90\xfd\x5e\xfc\x60\xc5\xc1\x09\x18\
\xe8\x67\xbc\xc7\xe5\x55\xae\x5a\xb9\x64\xf5\x53\x22\xc6\x46\x40\
\x96\x33\xd3\x3d\xcd\x6b\x1e\xd7\xcb\x6e\x76\xbe\x44\x3b\x37\x54\
\x73\xcd\xb6\x3b\x72\xca\x63\x35\x94\xec\xd9\x62\xfd\x98\xf7\xdc\
\x3e\xa5\x6a\x3b\x4f\x11\xec\xbb\xe2\x4a\x2e\x13\x09\xb7\xc7\x95\
\x65\x7b\x3d\xc6\xaa\xc7\xf8\x87\xd4\xad\xe7\x38\x4c\x5b\xae\xc6\
\xb8\xdb\xb5\x76\x21\x09\x45\xb9\x35\x24\x64\x70\xbf\x81\x57\xd8\
\x69\x6e\xb9\x63\x3b\x33\x41\xcc\x5c\x98\x76\x17\xaf\x3f\xad\x72\
\x3b\x2e\xe3\x18\x5c\xe4\xe6\x57\x7f\xee\xae\xc6\x8d\xb7\x35\xce\
\xef\xa9\x8a\x09\xb7\x32\xb1\x32\xd7\x6b\x71\xdf\x46\x1d\x9f\x2f\
\x5d\x0b\x96\xc8\x5e\x88\x99\x60\xef\x8e\x5b\x9e\xfc\xf2\xa4\xed\
\x12\x2c\xe0\x32\x09\xc4\x44\x4c\x60\xce\xdb\xf2\xa9\xb5\x2c\x63\
\xab\x93\x6e\x58\x5b\x91\x16\x2e\x30\xa3\x9a\xa5\xa9\xbd\x72\x4c\
\x25\x3b\x8c\xb2\x26\xfb\xe4\x17\x9f\x7d\x6a\x78\xda\x9c\xe9\x9c\
\xf4\xa2\xe4\xa7\xda\x7d\x9d\x09\x00\x5b\x89\x11\x3a\x9c\x43\x5d\
\x3d\x39\x93\x01\x95\xe2\xc7\xc4\xae\x47\xa4\x98\x3b\x57\x48\x9b\
\x6d\x94\x0c\x1c\xca\xea\x76\x2a\x6a\x35\x96\xc4\x51\xe2\x5c\x75\
\xc6\x2b\x39\xcf\xfa\x6b\x1b\xc2\xed\x9d\x4d\xeb\x3e\xce\x78\xa0\
\x39\x61\x33\x23\xe0\x8d\x5a\xed\x68\x68\x35\x9a\x58\xa5\xb9\x5a\
\xb8\x1c\x51\x20\xe4\xc2\x75\x3a\x7f\xa5\x1a\xeb\x50\xf5\xa3\x1c\
\x71\x26\x50\xe9\xe3\x8a\xa7\x10\x38\xc1\xe4\x3c\xea\x1a\x8e\x5f\
\x6b\xeb\x75\x7a\x1e\xc5\x96\x96\xdd\xd2\xe6\x9e\x72\x20\xc1\x8e\
\x30\x2a\xfc\x72\x52\x76\x2d\xc8\xd9\xcc\xa5\x28\xc4\x54\xcc\xb9\
\x6e\x14\xdf\x48\xad\x2e\x86\xde\xf8\xcd\xd0\xf9\x2d\x49\xd9\xb6\
\x6c\x5c\xcc\x75\x11\x93\x69\xce\x48\xb8\x47\x6c\x34\xb2\x9b\x8e\
\xc1\xaf\xbb\xa6\x3d\x66\x9a\xe4\xec\xcc\xdc\x9d\xb9\x73\xfc\xcf\
\x31\xad\x07\x61\xfa\x5d\xa9\xbd\x8b\x5d\xa1\x3e\x21\xc0\x5d\x80\
\x18\xf3\x31\xbf\x99\x8f\x2a\xc8\xcf\xb2\xef\xc4\x5e\xce\xd5\x7a\
\xe8\x06\x7d\x5c\x93\x27\xb9\xfc\x29\xb6\x6e\xb6\x09\x9a\xb0\xd3\
\xcc\x8a\x92\x1e\xe3\x92\x77\x7f\xbd\xaa\x53\x6f\x54\x97\xaa\xd4\
\x84\xa5\x22\xf0\x6e\x3c\x59\xc7\x96\x39\x52\x70\xca\x1b\x47\xf6\
\x91\x7a\x49\xdc\xf2\x7a\xfb\xeb\x01\xfa\x34\x59\x76\x85\xe2\x2e\
\x4f\xd5\xd7\x23\xb3\xed\x15\xe8\x64\x7a\xe5\xf8\xd4\x51\x09\x42\
\x4e\x22\x04\x8e\x62\x61\x3d\xd4\xec\x87\x50\xa6\x4a\xcc\x26\xe6\
\x51\x32\x72\x47\x09\xe4\xd2\x70\xce\x1f\xcb\xeb\x0e\x98\x30\x9e\
\xee\xb4\x0f\xe2\x3b\xcf\x8d\x1c\x46\x39\xe7\xbb\x06\x69\x21\x38\
\x4e\x39\x84\x84\x36\xdb\xa3\xdc\xf7\x34\xfc\x9d\x33\xee\x1a\x06\
\xe7\xc1\x7d\xd4\x2b\xd2\x2f\xca\x9d\xee\x5f\x75\x1b\xff\x00\x4a\
\xfb\xc2\x82\xb5\xcb\x13\x8c\xfd\x6e\x9c\x21\x37\x1c\x42\xfb\x32\
\x3c\x4e\xff\x00\x1a\x75\xbb\xbe\xb1\x94\x58\xf0\x4e\x3f\x6a\x12\
\x77\x3c\x4e\xf3\xc6\xa7\x07\x1b\x87\xbd\xa8\xee\xd8\x2e\xe1\x7d\
\x99\xc7\x78\xca\x2e\xf1\x7c\x3f\x2a\x01\x25\x97\x73\xe1\x4d\x62\
\xe7\x9f\x9e\xd4\xeb\x13\x0b\x85\x9d\x57\xb1\x37\xec\xc8\x31\x19\
\xf9\x77\x3e\x1f\x0a\xbb\xfa\xb5\xbe\xac\xbe\x34\x1c\xf6\x0f\x7b\
\x9a\x8e\x56\xf0\xf5\x71\xe3\x5d\x5f\xd5\xed\x7f\x4a\xf9\xad\x2f\
\xa8\xb2\x73\x84\x7d\xf4\x1c\x7e\x00\x5d\xbe\x34\xcb\xd6\x23\x7a\
\xd3\x19\x18\xce\xe2\x73\x13\x92\x57\x6b\x87\x4f\x1e\x65\xb3\xcf\
\x14\x9e\xbf\x4d\x13\x25\xcb\x67\x92\x50\x79\x8f\xa6\xf2\xb8\xea\
\x34\x11\xbb\x1c\x4e\x36\xee\x0f\x73\xbc\x70\x9e\x75\x9c\x2b\x63\
\xfa\x4c\x9d\xab\x9a\xee\xcd\x95\xb9\x12\x4b\x77\x47\x1d\xd9\x8e\
\x3f\x1a\xc6\xf7\x55\x17\xb4\x99\x34\xd6\xfe\xe9\xcb\xdf\x53\x60\
\xd8\xd9\xdb\x05\x43\xa4\x7f\xb2\xdb\x0e\x91\x2a\x45\xea\x9d\x3e\
\x34\x0e\x1e\xbb\x67\xeb\x4a\xae\x31\xbf\x37\x95\x37\x73\x71\xf7\
\x50\xe4\xdc\xc9\x9a\x05\xc8\x3b\x1b\xf3\x4e\xfa\x32\x60\x50\xef\
\xf1\xa0\xc8\x64\x11\xef\xa4\x1c\x63\x7c\xbc\xf6\xa0\x5f\x73\x45\
\x1e\xe9\x7c\x68\xa0\xe4\xd8\xd4\x16\xa5\x27\x11\x78\xad\xb6\xfe\
\xd0\x73\xeb\x4d\x62\xb2\x58\x99\x15\x4c\x39\xea\x7e\x55\x37\xad\
\xb7\x34\x25\xa7\x86\xf1\xce\x09\x20\x78\xf9\xd5\x79\x46\x2a\x8c\
\x23\xb2\x99\xc6\x3a\x9d\xde\x75\xac\x76\xce\xed\xed\x25\xab\xad\
\x95\x27\x15\x84\x8c\x23\xcc\xd9\xdc\xee\x6a\xbf\x69\x48\x96\x9e\
\x4c\x5c\x99\xc6\x71\x4e\x96\x31\x93\x88\x31\x9c\x12\x7c\x7f\x2a\
\xad\xaa\x8a\xd8\x9b\xeb\x36\x10\x62\xa6\x5d\xf9\xd2\xef\x4a\xaf\
\xaf\x92\x4a\x3e\x22\x51\xa4\x92\xca\x71\x79\x11\x7e\x95\x1f\x68\
\xfd\xa8\xf9\x34\xfe\xcf\x38\xb5\x57\x0c\x64\x47\x3b\xe3\xa5\x64\
\x68\x2f\xef\xaf\xc2\x08\xb6\x47\x27\x3d\x8a\x2d\xc2\x32\xed\x09\
\xc5\x89\xc3\xeb\x2e\xed\x8c\x72\x14\xe5\xdd\xb5\x41\x29\x5f\x2e\
\xf1\x5c\x8c\xb8\x86\x2e\x65\x13\xa6\x31\xd7\xc0\xa2\x1a\x89\x43\
\x51\xeb\x50\x55\x92\x98\x43\xda\x11\xe9\xe3\x4e\x57\x8a\x9f\x4f\
\x7a\xf4\x74\xd7\x27\x1b\xf7\x06\x16\xe1\x23\x12\x71\x96\x41\xb8\
\xf3\xa9\x3f\x5b\xbe\x5b\x27\x29\x46\x6b\x72\x70\xc4\xed\x8e\x00\
\x1c\xe7\x9e\x5c\xd5\x4b\x77\x88\xd9\xb9\x6f\x19\xe3\x84\x62\x22\
\x6d\x87\x39\xc7\x8d\x39\xbd\x16\xcc\x62\x12\xc9\x76\x52\x54\xdb\
\x0c\x40\xfa\x56\xa6\x79\x4f\x6c\xf8\xe2\x77\x6b\x6a\x38\xbb\x36\
\xec\x65\x62\xd0\xce\xd4\x26\x4a\x22\x26\x5e\x58\xce\x3a\x6f\x59\
\xaa\xee\x76\x9d\xc8\xcf\x44\x91\x96\x71\x66\x11\x4f\x13\x9d\x70\
\xba\xd4\xca\xdb\x79\x59\x24\x2d\x14\x9b\xd2\xd6\x54\xe8\xd5\x8b\
\x5d\x2a\xbc\x6a\xc5\xae\x94\x16\xe1\xca\xa5\x2a\x28\x72\xa9\x4a\
\x00\x69\x68\xa2\x80\xa2\x8a\x28\x00\xa5\xa2\x8a\x05\x37\xa5\x39\
\x52\x1d\x69\x4e\x54\x0a\xfe\xf2\xdf\xde\x7e\x8d\x52\xed\xbf\xf9\
\x3e\x52\xfc\x2a\xe4\xbf\x79\x6b\xef\x3f\x46\xa9\xf6\xeb\x8f\x53\
\xe5\x2f\xc2\xac\xec\xa6\x66\x0c\x92\x44\xa2\xf9\x8f\xc9\xa9\x22\
\x26\x38\x2e\x98\xee\x72\x7f\xa5\x58\x74\x9a\xe8\xc3\x89\xb5\x39\
\x43\x03\xbd\xb6\x40\x26\xdb\xe3\x6a\x89\xc6\x7d\xbb\x06\x7a\xf0\
\xb8\x7e\x05\x54\x32\x11\x91\x1c\xfa\xa2\x41\xfc\xd1\x37\x77\x7a\
\x88\xd2\x71\x40\x93\x96\xe5\xb7\x39\xc2\xe4\xf9\xef\x4e\x89\x6f\
\x03\xc5\x38\x4b\xae\x4c\x94\xe3\xd6\x67\x11\xbb\x0b\x87\x74\x9f\
\xce\x9b\x09\x0b\x36\xee\x24\xbf\x67\x24\x7a\xc5\x1e\x7d\xf5\x76\
\x16\xee\x45\x7d\x5c\xa6\x61\xfe\x59\x12\x3e\x15\x5a\xcc\x65\xc6\
\x71\x58\x1f\x69\xf6\xa3\x93\xaf\x79\x56\xa3\xea\xb8\x93\x33\x83\
\x9e\x5b\x3f\x5d\xea\xec\x29\x76\xec\x64\x39\x84\xba\xfb\x46\x1a\
\xbb\x66\xfb\x28\x7e\xd2\xd2\x61\xc6\x62\xe6\xa9\xc1\x90\x04\x6e\
\xc5\xdb\x18\x96\x4e\xbe\x39\x2b\xab\xa1\xb5\x61\xd1\x5c\x95\xee\
\x08\xcd\x92\x08\xf2\xd8\xc6\xc7\xe5\x5a\xc6\x5a\x96\xe8\xc2\x24\
\xec\x5d\x94\x38\xb1\x08\xb2\x54\xc0\x6c\xf3\x6b\x19\x75\x12\xfa\
\x22\x32\x31\x8f\x36\xb6\xfe\xbf\xd4\xe9\xef\x44\x88\x93\xb6\x8e\
\x5d\x8d\x9d\xfe\x75\x84\xb5\x8f\xd5\x17\xae\xdf\x56\xb5\xbb\xad\
\x31\x7e\xd7\xf4\x72\x4d\x2d\xa3\xba\xeb\xf8\xd7\x7e\x4e\x47\x1d\
\xcf\xd0\xac\xfe\x8d\x3f\x55\x87\xf8\x8f\xe3\x5d\x9f\x5b\x23\x69\
\x59\x24\x63\x9c\x65\x87\xe0\xd7\x37\x44\xea\xe6\x5e\x2c\xbe\xa5\
\x3f\x38\x97\xbf\xfe\xea\xab\x1b\xf0\x5c\x49\x9c\x17\x3f\x6a\x2a\
\x7c\x4a\x9e\x13\x26\xe6\x2c\x65\x84\x52\x32\x33\xcf\x3c\xaa\x68\
\x4d\x62\x48\x86\x76\x62\x0f\xfe\x96\xad\xee\xec\xee\xe5\x0c\x1e\
\x35\x4e\xd2\x13\x89\x21\x0e\x49\x8f\x04\xae\x96\xab\xd4\xc4\x87\
\xa8\x47\x67\x38\x73\xd4\x45\xab\x3b\x4a\xa1\xdb\x36\x67\x63\xb3\
\xb5\x1e\xb2\x28\x4a\xda\x82\xf2\x7b\xfe\x35\x8d\xd0\xe3\xf5\xbb\
\x18\xff\x00\xcc\x8f\x3f\x32\xb6\xbd\xbd\xa8\x95\xfe\xcd\xb8\x48\
\x00\x8a\x18\x3e\xb5\x89\xd1\x6d\xac\xb1\x9f\xfc\xc8\xfd\x4a\xde\
\x7d\x26\x2d\x96\x83\x49\x76\xfd\x8b\x8d\xb2\x32\x4b\xb3\x18\xae\
\x17\xda\x79\x6f\xf9\xd4\xc9\xa8\xd3\xc9\x24\x4e\x0e\x30\x92\x33\
\xb6\x47\x19\xe7\xd3\xba\xab\xe9\x64\x96\x64\x8e\x3f\x6d\x73\xfc\
\xcd\x5e\xb7\xac\xbd\x08\xf0\xfa\xc6\x51\x07\x69\x19\x31\xef\xae\
\x6b\x7c\x8f\xb7\x7d\x94\x89\x48\x1c\xce\x33\x78\x77\xc6\x3c\x39\
\xf5\xa7\x36\x5b\xf6\x09\x41\x31\x6c\x93\x2c\xf3\xe6\xb8\xab\x16\
\x2e\x69\x67\x76\x3f\xad\x69\xe3\x1d\xb3\x98\xb8\x39\x64\xdb\x95\
\x47\x76\xf4\x2c\x46\x66\x9a\xe4\x98\x4c\xc2\xca\x23\x8d\xf9\x61\
\xf0\xf1\xad\x63\xda\x5b\x74\xc9\xfa\x53\x10\xd7\x68\xa4\x65\x65\
\x17\x3e\xe4\xc5\x74\x7d\x1d\x58\xdd\xb5\x38\xc9\x8a\x71\x82\x38\
\x4e\x55\xcb\xf4\x9f\x3f\xf1\x2d\x36\xc6\x18\xec\x99\x0e\x67\x46\
\xba\x5d\x83\x3e\x02\xdc\xb1\x9c\x71\xb8\xf7\x85\x4c\xff\x00\x65\
\xc6\x6e\x34\x6d\xf2\xf0\x3a\x8b\x50\xba\xa1\xed\x07\x0c\xb2\x8b\
\xcc\xe7\xcb\xba\x9a\x68\xb4\xf7\xe6\x4a\xcd\xde\x14\x37\x8d\xc8\
\xe5\xc6\x39\x09\xcd\xc3\x50\xdb\x9c\x4e\x06\x42\x19\x0d\xf6\xc8\
\x08\xef\x53\xea\x2e\x46\x07\x15\x87\x18\x8e\x32\x74\x78\x2a\xf9\
\x25\xc5\xc1\xf4\x92\x16\xe3\xd9\x31\xc8\x71\x9a\x92\x22\x39\xdb\
\x86\x59\xc1\xee\x3a\x51\xd8\xb1\x8c\xec\x4a\x4e\x1c\x49\x3f\xcb\
\xf9\xd5\x7f\x48\xe4\xba\x3b\x2a\xbb\xde\x55\x7a\xbc\x2d\x4f\xe8\
\xd3\x15\x94\x2e\x12\x61\xed\x2f\x0b\x84\x7d\x9c\x35\x73\x31\xe1\
\x72\x56\xd8\x99\x8b\x8d\xf6\x7b\xaa\x6e\xd0\x84\x34\xce\xab\xd7\
\x48\x94\x65\xa6\x9e\x25\x2d\xf3\x26\x28\x63\xc7\x35\x7e\xfe\x9e\
\xc5\xcd\x21\x1d\x35\xc8\xb3\x15\x63\x27\x86\x5e\x3e\x0d\x71\xfb\
\x56\x37\x23\xa2\xd4\x7a\xee\x22\x64\x11\xe2\x37\xe5\xe1\x59\xf0\
\x5d\xc5\xef\xd1\x2c\x20\x6a\xae\x7a\xcc\x18\xd3\x72\x5c\x61\xe2\
\x2b\xd3\xb8\xb4\xf1\xfe\x6b\x67\xbc\xaf\x1e\xf4\x1f\xb5\x34\xbd\
\x97\x72\xed\xfd\x6c\xe7\x1b\x6d\xae\x01\x8c\x59\x39\x65\x93\x63\
\xc0\x6b\x57\x2f\x4e\x3b\x2e\x2e\x20\x6a\x6e\x1d\xe5\xa0\x7e\x6d\
\x66\xcd\x56\xa3\x6d\xeb\xac\x1f\xcc\x7b\x8a\x47\x55\x68\x79\xc9\
\xf2\x8b\x58\x69\xfa\x77\xa1\x33\xc1\xa4\xd4\xcb\xcd\x88\x7d\x6a\
\x19\xfa\x7b\x6c\x1e\x0e\xcf\x97\xfd\x57\x43\xe8\x54\x1b\x6b\xe6\
\x9e\xe4\xb8\xe0\x4e\xdd\xcf\xeb\x80\x0b\xf1\xd9\xf7\xd4\x45\xdb\
\x90\xfd\xec\x49\x03\x82\x51\x37\xf3\x4e\x9e\xec\xd6\x1e\x5e\x9f\
\x5e\xfe\x4d\x0d\x90\xf1\xba\xbf\x85\x5c\xec\xbf\x4d\x23\x7f\x8b\
\xf5\xed\x3f\x00\xcb\x11\x95\x8d\xc0\xc1\xcc\x5c\xbc\xfa\x50\x6b\
\xcb\x84\x81\x8a\x23\xd4\x69\x78\xde\x98\xf9\xd5\x3d\x25\xcb\x5a\
\xe8\x37\x74\x77\x19\x22\x12\x62\x61\x1e\xe4\x7f\x1a\x96\x5e\xb2\
\xde\xf7\xe1\x28\x9d\x26\x67\x1e\xfe\xea\x09\xd9\xbd\xe7\xc2\x9b\
\xc6\xf7\xd3\x31\x93\x20\xa3\xcb\xad\x2f\x0a\x74\x7e\x54\x0b\x73\
\x86\xe4\x18\xdc\x09\x45\xe6\x3c\xaa\x16\xfd\xdd\x3e\xd2\xb9\x3b\
\x96\xbb\xc9\x2c\xa1\xe7\x8e\x67\x8f\x3a\x93\x85\xe8\x62\x8e\x17\
\xbb\xe7\x40\x17\x04\x12\x4c\xa2\xee\x39\x51\xa4\x64\x77\x1f\x0a\
\x89\xb1\x3b\x52\xe2\xb0\x0c\x57\x32\xb7\x9c\x0f\x89\xdc\xfc\x9a\
\xb9\x62\xdd\x8b\xf6\xf8\xa3\x75\xd9\xdc\x40\x63\xe0\x8f\x2a\x0a\
\xca\x77\x7c\xaa\x35\x4e\x43\x5d\x1f\xd5\xb4\xe6\xf2\xb9\xff\x00\
\xb8\x29\x1b\x5a\x31\xde\x62\xfd\xef\xca\x83\xcf\x3d\x3e\x57\x57\
\xd9\xf9\x3f\xe5\xdc\xff\x00\x34\x6b\x2d\xdd\x5b\x2f\xd2\x44\x6c\
\x9a\xce\xce\xf5\x08\xfe\xce\xee\x70\xaf\x58\x56\x37\x18\x6a\x8b\
\xba\x6c\xfe\xab\x69\x7f\xa4\xe5\x52\xe7\x1b\xf2\x2a\x2d\x29\x9d\
\x35\xbe\x67\xb2\x54\x8f\x2f\xc2\x81\x72\x63\x7e\x4b\xb6\xd4\xa2\
\x8e\x1f\xf5\xa4\x1f\x7d\x1d\xd9\xf8\x8d\x02\xa9\x8e\xef\x75\x1b\
\x26\xdb\x27\x4a\x4c\xed\xb3\x8e\xfa\x36\x1e\x74\x06\x0e\xef\x93\
\x45\x1b\x77\xbf\x3a\x28\x39\x51\x3d\xa8\xe3\xfa\x29\xb2\xfb\x4f\
\x9b\xf5\x2a\xb4\x75\x28\xe7\x30\x7c\x94\xfc\xe9\xff\x00\xac\x8e\
\xed\xb1\x5d\xdc\x4b\xcb\xbc\xf0\xad\x4e\x12\x9c\xf2\xf7\x7e\x0d\
\x56\xd4\xfe\xee\x7f\xef\xad\x4c\xdf\x83\xb7\x04\xcc\x98\xd9\x1e\
\xff\x00\x1f\x1a\x83\x53\x31\xb7\x25\x24\x0e\xdb\x9e\x25\x5b\x78\
\x27\x6a\xbd\xa7\xf6\xe3\xe4\xfd\x69\x74\x52\x63\xa9\xb9\x85\x36\
\xce\xde\x14\x76\x9f\xdb\x8f\x93\xf5\xa3\x44\x67\x53\x33\x21\x91\
\xe6\xe3\xa5\x67\xd1\xed\xdd\x8e\xa2\xfc\x57\x17\x67\xb3\x17\x77\
\x3b\xbd\x77\xa7\x7e\xb1\x73\x38\x48\x48\xcc\x8f\x6a\x22\xe3\xf3\
\xa8\x04\x55\x07\x0b\x1e\x99\xe5\xce\x97\x88\xe2\x37\xc6\xf2\x77\
\x3a\x26\xd4\xf4\x97\x19\xb4\xbe\xbe\x2c\x73\x2d\x3d\xb7\xd9\x1d\
\xb2\x75\xc6\xdb\xf5\xea\xd1\x27\x4c\xb8\x95\x84\xdd\x33\x19\x1d\
\x0c\x9c\xca\x87\x23\x14\x11\x78\x62\x60\x7b\x9a\x5f\xe7\xdb\x7c\
\xca\x5f\x4a\x87\x8a\x3d\x7c\x6c\x7e\xa1\x75\xb7\x2b\xa4\x88\x88\
\x4b\x18\x72\xf5\xdf\xe1\x5c\x3a\xec\xeb\x3f\x82\xb8\x3f\xd1\x1f\
\xad\x71\xba\xd2\xac\x9a\x03\x4b\x48\x73\xa5\xa8\xa7\x46\xac\x5a\
\xe9\x55\xe3\x56\x2d\x73\x28\x2d\xc3\x95\x48\x72\xa8\xe1\xca\xa4\
\x39\x50\x3a\x8a\x28\xa0\x28\xa2\x83\x7a\x05\xa2\x8a\x28\x14\xa5\
\x39\x52\x1b\xd2\x9c\xa8\x16\x4f\xed\x2d\x7d\xe7\xe8\xd5\x0e\xdd\
\xdc\xb0\x77\x92\xab\xd2\xfd\xe5\xaf\xbc\xfd\x1a\xa5\xdb\xbb\xba\
\x7f\x29\x7d\x4a\xb1\x2f\x4f\x52\xf4\x7f\x59\xa5\x8f\x66\xda\x89\
\xab\xb2\x5c\x62\x0c\x1b\x80\x98\x03\x18\x5c\xd5\xfd\x46\x8f\x4b\
\xa9\x06\xf6\x9a\xd5\xd1\xeb\x28\x0e\x7d\xf5\xe7\x87\xfc\x36\x71\
\x81\x3b\x97\xad\xe2\x21\x25\x09\x1c\x58\x39\x67\x3b\x73\xa6\xda\
\xe1\x84\xa3\xfa\xbe\xbe\x56\xd7\x2b\xbb\x1c\x77\x72\x4a\xe9\x94\
\xd4\x72\x99\xca\xda\x5e\xf4\x63\xb1\xaf\xed\x2d\x21\x05\xeb\x09\
\x31\xf9\x67\x15\xce\xbf\xe8\x26\x82\x6e\x6c\x6a\xaf\x5a\x5e\x92\
\x09\x1f\x85\x72\xed\x76\x87\x6d\x59\x8d\xb9\x59\xed\x2f\x5b\xc5\
\x16\x44\x5b\x84\xb0\x1d\x11\x1e\xfa\xb7\x1f\x49\x3b\x72\xc1\x1f\
\x5f\xa6\xb3\x74\x63\xc4\x2c\x30\xe3\xbf\x31\x7f\x0a\x9a\x6e\x65\
\x8a\x27\xd0\x4d\x65\xab\x84\xb4\xda\xcb\x57\x01\x5c\x23\x15\xfa\
\xd4\x17\xbd\x1c\xed\xbb\x2b\x9d\x33\x74\x1f\xe4\x91\x2f\x97\x3a\
\xec\x69\xfd\x31\x97\x10\x6a\x7b\x3a\x71\x03\x76\x13\x70\x7b\x93\
\xf1\xae\x85\x8f\x4b\x3b\x32\x7b\x4c\xbd\x69\xfe\xf4\x04\xf9\x3f\
\x85\x34\xbb\x95\x88\xbb\xa4\xd4\xd8\x96\x35\x3a\x2b\x90\xc1\x8c\
\xca\x12\x8f\xcf\x95\x3b\x4f\x76\xdc\x22\x82\xc5\xe2\xfb\x39\x1c\
\xd7\xa1\xd9\xed\xce\xcb\xbc\x84\x75\xb6\x8c\x9c\xa6\xb1\x7e\x65\
\x3a\x7a\x4e\xcd\xd6\xcb\x32\xb1\xa5\xbf\x94\xcb\x12\x2b\xf1\x37\
\xad\x63\x74\xce\x5d\x30\x3b\xdf\x8c\xa3\x10\x1e\x19\x73\xf2\x5f\
\xc2\xb1\x76\xff\x00\x83\x71\xe1\xf5\x6b\xd0\xfd\x26\xd3\x59\xd1\
\x76\xad\xcb\x1a\x6b\x65\xab\x6d\x8e\x2e\x11\x71\x9c\x3d\xf5\xe7\
\xb0\x31\xa3\xcf\x72\x7d\x5a\xb7\xb6\x71\xcb\xca\x4a\xb7\xa4\x71\
\xa6\xb6\x77\xdc\x7f\x1a\xed\xc6\x4a\x18\xba\x67\x06\xd2\x39\x57\
\x0b\x4a\xe3\x4d\x6b\x3f\xf9\x8f\xe3\x5a\xdf\xf8\x27\x6b\x1a\x7b\
\x77\x7f\x51\x6e\xdb\x94\x09\xc5\x8c\x49\x6c\x82\x72\xdf\x95\x72\
\x9c\xba\xa8\xc0\x92\x1f\xb3\x8c\xc4\xe7\x14\xcd\x13\x85\xa5\x4b\
\xb6\xa5\x1d\xb3\x96\x3b\xfc\x69\xd3\xb1\x3b\x38\x2f\xe9\x6e\x5a\
\x71\x85\xde\x3f\x5a\x21\x38\x92\x78\x2f\xdc\x86\xc1\xed\x19\xfa\
\x35\x50\xb6\x61\x18\x4a\x2d\xbd\x52\x19\xc6\x15\x4e\x5d\xce\x6a\
\xe4\x27\xa8\x24\x04\x61\x38\xae\xee\xc3\xf0\x3f\x2a\xae\xe6\x64\
\x45\xd3\x5d\x32\x73\x38\x5f\x7e\x43\xeb\x4e\xbb\x6b\x16\x71\xfa\
\xb4\xcd\xf9\x42\x59\xcf\x96\xcd\x6b\x0c\x76\x99\x5d\x1d\xdb\x01\
\x1e\xc4\xbd\x7a\x71\x23\x8c\x47\x03\x9e\x75\x8c\xd2\x38\xd5\xd9\
\xf0\xb8\x7d\x4a\xd6\xf6\xe0\x4b\xb3\x2e\xbb\x38\xb7\x9d\xbb\xf2\
\x56\x46\xc6\xda\xcb\x7f\x7c\x7e\x65\x32\xd9\x1a\xcd\x24\xf3\x66\
\x79\x17\xf6\xb3\x76\x33\xcd\x7f\x3a\xb0\x48\xc2\xe7\x39\xff\x00\
\x4a\xa3\xa2\x8d\xa9\x58\x9c\xae\x4e\xf4\x18\xdc\x96\x25\x6c\x50\
\xca\xf3\xc6\x2a\xd1\x6d\x62\xb6\x75\xb6\xae\x98\xdc\xb8\x61\xf9\
\xe3\xeb\x58\x8d\x2f\xdd\xd4\x71\x70\xa8\x64\x88\x01\xdc\x1d\x69\
\xd6\xa3\xeb\x61\x0e\x24\x8c\x65\x2e\x15\xe8\x6e\x7e\x75\x5a\xfd\
\x8d\x5d\x99\x47\x8b\x4f\xc6\x31\x1c\xda\x96\x43\x3e\x1f\xeb\x49\
\x62\xfc\x38\x7d\x5c\xf8\xe0\xa8\x84\xa2\xf3\xf7\x66\xb5\x8f\x69\
\x6b\x8b\xe9\x5c\x48\x76\xae\x9e\x31\x97\x11\x11\x04\x76\x4c\x95\
\xd0\xf4\x79\x38\xa1\xc5\x6c\xb8\x05\xcc\xc5\x70\x3b\xc6\xb9\xfe\
\x96\x11\x3b\x4b\x4b\xc3\x21\x38\x39\x8f\x89\x56\x3b\x1a\x78\x94\
\x0c\xe3\x24\xbf\x0a\x99\xf3\x49\xd3\x51\x76\xfe\x92\xe5\xb8\xdb\
\xcc\xac\xa7\x2c\x04\x8f\xf4\xa8\x5d\x34\xbd\x45\xdb\x90\xb9\x6e\
\xe4\x20\x65\xe1\x96\x10\x76\xe4\xd5\x3b\x8b\xc4\x3d\xe5\x36\x17\
\x18\x81\x94\x24\xe1\xdf\x99\x52\x76\x9e\x35\x57\xd2\xa8\xd9\xb7\
\xa2\xb5\x1b\x6b\x21\xbb\x16\x32\x77\xfe\x57\x26\x4f\x3a\x67\xa3\
\x77\x8b\x32\x94\xa5\x8d\xc9\x1b\xf8\xb1\xa5\xf4\x98\x0e\xce\xd3\
\xa1\xbb\x74\x7f\xf6\xb5\x0f\x60\xb6\xf8\xd2\xf7\x13\x0c\x4b\xec\
\xb8\x4e\x58\x6b\x79\xf4\x62\xef\x5a\x5b\xf8\xb7\x1c\x66\x48\x1b\
\xed\xd2\xa2\xed\x06\xcd\xad\x05\xd9\x31\x65\x32\xdc\xc9\x8e\xe6\
\xf1\x41\xdf\xb9\xa4\x9d\x8b\x48\x4b\x4d\xaa\x22\x88\x85\xc3\x85\
\xd9\xcf\x33\x6a\x6f\x68\xc1\x8f\x66\x6a\x38\xb0\xc8\x82\x64\x44\
\xfb\x3b\x6f\x53\x13\x72\xd6\x6b\xb3\xe2\x4f\x43\x70\x54\xc4\xa2\
\xe4\xf3\x95\x4a\x59\x89\xd5\x7d\xf5\x1f\x66\x7f\x09\x70\xf1\x8f\
\xd5\xab\x15\x9a\xd4\xe8\xc2\xd4\x4e\x8b\xe7\x4a\x5b\x89\xd2\x9d\
\x4b\x50\x37\x84\x39\x05\x5e\xec\xbb\x77\xee\x68\xee\x5e\xb3\x6a\
\x17\x63\x09\x84\xa0\xb8\x92\xa1\xb9\xf9\x55\x37\x61\xf2\xab\x1e\
\x8f\x4f\xd6\xf6\x75\xcc\xe7\xf7\xae\x13\xa3\x83\x7a\x0e\xa6\xa3\
\xd2\x0d\x56\x93\x4f\x6e\x1a\x0b\xb7\xb4\xb3\xb9\x7c\xe2\x1c\x12\
\x42\x2e\xc3\xbe\x4e\xf1\xee\x2b\x55\xa1\xf4\xba\xf4\x98\x59\xd4\
\xc2\x32\x5c\x0c\xa2\x61\x7c\x51\xd9\xf7\x57\x9f\xf6\xe4\xb8\x25\
\xa5\x94\x9c\xe2\xfb\xbb\xdf\xc2\xd7\x4c\x84\xac\x5f\x8d\xdb\x37\
\xe4\xfb\x59\x6d\x5c\x8e\x4d\xde\x8f\x75\x2a\xbd\x1b\x4e\xdb\xd5\
\x32\x9e\x8a\xfc\x27\xc2\xe2\x45\xb4\x63\x17\xb9\x07\x67\xe0\xd5\
\xb3\x4f\x75\x32\xc7\x1e\x19\x2b\xc9\x3b\x17\x5d\x73\x4d\x09\x5f\
\x85\xf9\xd9\x94\xef\x49\xcc\x64\x99\xc6\x36\x53\xf1\xad\xc6\x83\
\xd3\x18\xdb\xd4\xc7\x49\xac\xb7\x2b\x9c\x36\x89\xca\xfc\x64\x2b\
\x9e\x46\x0d\x9e\x7c\xf3\xee\xa8\x34\x86\x9a\xe3\xcc\x3e\x34\xbf\
\xaa\xcb\xaa\x7c\x6a\x5d\x26\xae\xc6\xb2\xc9\x77\x4f\x3e\x38\xbe\
\xec\x7b\xaa\x7c\xd0\x54\xfd\x51\xef\x8d\x23\xa1\x87\x19\x35\x38\
\x83\x19\x0d\xf1\x57\x29\x28\x20\x34\x91\xe8\xe3\xdc\x50\x69\xa3\
\xfd\x4f\xba\xa7\xa1\xa0\xf3\xef\xd2\x45\x98\xc3\x59\xd9\xdc\x39\
\xfd\xd5\xde\x7f\x7a\x15\x8a\x91\x87\xdf\x5b\xaf\xd2\x46\xfa\xce\
\xcf\xff\x00\x0a\xef\xf9\xa1\x58\x69\xed\x2f\x7d\x51\x67\x4c\xbf\
\xab\x5b\xc3\x9c\x44\xa9\x73\xdd\x8e\x75\x16\x9b\x3f\xab\x5b\xef\
\xe1\x29\xfd\x68\x17\x3b\x0f\x76\x7d\xf4\xab\xdd\xcf\xc6\x90\xdb\
\x23\x46\x76\xc5\x02\xf4\xc9\xce\x8d\xb1\xdd\x9c\x52\x38\x36\x0e\
\x9f\x1a\x4c\xf4\xde\x81\xd9\x3b\xfe\x54\x53\x71\xe5\xf1\xa2\x83\
\x2f\x88\xc8\x30\x69\x9e\x78\xc4\x98\x9c\xfa\x50\x5b\x1e\x56\x87\
\xee\x5e\x2b\x48\xe8\x7b\x36\xe3\x8f\xd9\xed\xdd\x33\x6a\x6f\xfc\
\x13\xb3\xe6\x64\xc9\xb7\x44\x6b\xae\x98\xdb\x89\xa5\x86\x25\x2c\
\xc6\x71\xd8\xc7\x14\x84\xf7\x51\xae\x8e\x2c\xa8\xe7\x32\x36\xf7\
\x95\xd7\x9f\x63\xd9\xd3\x41\xb9\x6a\x72\x32\x39\x31\x9c\xe3\x7a\
\xe2\xea\xae\xca\x76\x98\xc8\x36\x91\xbe\x37\xe6\x56\x32\x8b\x2e\
\xd0\xf6\x99\xed\x47\xee\xb4\x9a\x48\x92\xbb\x79\xc0\xb1\x8a\x8a\
\x80\x7b\xba\xd3\xbb\x4f\xed\x47\x3f\xd3\x2a\x5e\xce\x83\x73\x53\
\x38\x44\x8e\x64\x70\xf1\x26\x70\xbb\x1f\x3a\x91\x7d\x92\x13\x9f\
\xf4\xdb\x7c\xa4\x54\x9e\xba\xe9\xfc\xb3\x31\xd4\x93\xf9\xd5\xaf\
\xf8\x26\xb7\x19\x23\x66\x66\x3f\xa4\x2a\x39\x76\x46\xb4\x5c\xe9\
\xad\xbb\x3b\xc5\x4f\xc6\xb7\xae\x12\xde\x51\x47\x55\x70\xe7\xeb\
\x4f\x04\xcf\xd4\x69\x7f\x5c\x41\xca\x18\xef\x81\xf9\x14\xbf\xf0\
\xed\x5c\x1d\xf4\xb7\x0c\x7f\x4d\xc6\x92\x5a\x7d\x44\x47\x36\x75\
\x07\xbc\x6a\x6b\x83\x7c\x8b\xda\x92\xe6\x9e\x51\xcc\x5c\x98\xd8\
\x47\x6f\x7d\x50\xab\x57\x63\x32\xd4\xb8\x8b\x86\x0f\xe6\x80\x7c\
\xca\xab\x59\xcb\x8a\xb2\x83\x9d\x2d\x21\xce\x96\xb2\xa7\x46\xac\
\x5a\xe9\x55\xe3\x56\x2d\x73\xa0\xb7\x0e\x55\x21\xca\xa3\x87\x2a\
\x90\xe5\x40\xea\x28\xa2\x80\xa2\x8a\x0a\x05\xa2\x8a\x28\x16\x94\
\xe5\x49\x4a\x34\x04\xbf\x79\x6b\xef\x3f\x46\xa8\xf6\xe7\x3b\x1e\
\x52\xfa\x95\x7a\x5f\xbc\xb5\xf7\x9f\xa3\x54\xbb\x6c\xcb\xa7\xf2\
\x97\xd4\xab\x3b\x2b\xa5\x15\x21\x6f\x7f\xe6\x7e\x95\x1c\x70\x91\
\x10\x4e\x27\x99\x52\x44\xcc\x20\x75\xe2\xfc\x29\x84\x5f\x64\x13\
\xed\xb5\xd7\x28\xc4\x36\x20\xb1\xc9\xcd\x73\x87\x19\xa7\xc2\xe5\
\xc0\x31\x72\x66\x47\x38\x93\xb8\x74\xf2\xa6\xc4\x46\x19\x3f\x99\
\xa6\xc3\x94\x3e\xec\xab\x0b\xa9\x57\xf4\xbd\xa1\xaa\x8f\x10\x5f\
\x51\x89\x24\x90\x39\x47\x6a\xb5\x2d\x7d\xc9\xa9\x76\xd5\x8b\x9e\
\xd0\xab\x1c\x2a\x9c\xbc\xab\x99\x60\xda\x49\xd6\xd8\x6d\xe7\x53\
\x67\x0b\xe6\x7d\x29\xba\x9e\x31\x68\xb9\x6a\x51\x07\x4d\x85\x10\
\x94\x64\xe3\x27\x5c\x78\x54\x11\x9b\x17\x26\x07\xbc\xdb\xe6\x54\
\x96\x9d\xad\xf9\x5c\xa8\x23\xb9\xf0\xfc\x2b\x58\x9a\xd2\xcc\x66\
\xdf\x7f\x6d\x25\x53\x87\x8e\x72\x5c\x08\xf5\xee\x2b\x27\x7a\x05\
\xbb\x33\x8c\x53\x04\xb8\x43\x39\x4c\x2d\x69\xb3\xfb\x19\x79\x7e\
\x15\x99\xd4\xec\x5d\xfb\xe7\xd5\xae\x97\xa6\x27\x15\x2e\x9b\x7d\
\x2d\xaf\xf1\x1f\xa3\x5e\xa1\xd9\xfe\x94\xe9\xac\xe8\xb4\xf6\xaf\
\xe9\x75\x10\xe0\xb5\x18\x92\x01\x1c\x01\x9d\xf1\xdd\x5e\x5f\xa6\
\xfe\x1a\xdf\xf8\x8f\xe3\x5a\x7b\x7a\xdd\x4c\x2c\xc6\x25\xe9\x31\
\x8c\x70\x45\x04\x0c\x0e\x37\xf1\xae\x33\x87\x4c\xb7\xe9\xba\xd2\
\xfa\x49\xd9\x17\xae\xc7\x8f\x51\xc1\xbe\xe5\xc8\x26\x3c\xf6\x4a\
\x74\xec\xf6\x0e\xb9\x42\x3a\x1b\xb9\xfe\x94\x1f\x92\x35\x88\xfd\
\x7e\x4a\x7a\xdb\x36\x26\x45\x73\x98\x61\x70\x8b\x94\xf3\xf8\x52\
\x97\xf4\xb2\x96\x6e\x69\x0f\xfa\x2e\x27\x54\xeb\xe3\x8f\x85\x38\
\xdb\x3b\xcb\xe9\xaf\xbd\xe8\x9f\x64\xdf\x16\x16\xee\x5a\x5e\xb0\
\x9a\x87\xb9\xcd\x52\xbd\xe8\x5c\x67\x16\x16\x35\xd2\x89\xba\x13\
\xb6\x2f\xc4\x6b\x87\x0b\xfa\x68\x03\xa7\xbf\xab\xb0\x9b\xed\x2c\
\x86\xc7\x72\x78\xfc\xaa\xc9\xdb\x9d\xa1\xa6\x9c\x7d\x47\x68\xdd\
\xbb\x14\x73\xc7\x11\xc7\x4c\x61\xcd\x6a\x6e\x5d\x25\xbb\x8e\x67\
\xa4\x5a\x79\x68\xed\x6b\x74\xb7\x25\x19\x4a\xd5\xb3\x78\xe7\x08\
\xa3\x58\xcb\x62\x6a\xed\xf8\xcc\xc7\xc4\xad\x97\x6b\x5d\xb9\xda\
\x36\xb5\xda\x9b\xd3\xcd\xd6\xd1\xc5\x88\x80\x86\x3a\x7b\xab\x1b\
\x6d\x5d\x55\xa1\x30\x93\x3e\xb4\xce\x72\xbf\x1e\xf5\xcb\x4d\xd9\
\x97\x08\x59\xba\xb7\x2f\x5b\x5b\x8e\xf6\xf0\x9c\xde\x63\xf9\xd5\
\xe9\xdc\x8d\xc1\x65\x7f\x4f\x77\x26\x12\xf5\x9e\x17\xe2\x0f\xd6\
\xae\xfa\x13\xda\x3a\x2d\x16\x9b\x59\x6f\x5a\x29\x72\xe8\xc7\x36\
\xf8\x8c\x19\xce\x7b\xb9\xd6\x8e\x47\xa3\x7a\xd3\xda\x34\x8c\x9d\
\xdd\x98\x3f\x85\x62\x36\xca\xce\xde\x58\xb0\xb0\xf2\x37\xd3\xdf\
\x1c\x6f\xdc\xab\x49\x7a\xe5\xc8\xea\xed\x42\x57\x2f\x91\x77\x63\
\x38\x64\xf7\xb9\xdb\xf1\xad\x4d\xcf\x46\x3b\x27\x52\x46\x56\x27\
\x38\xec\x61\xb7\x70\x91\xf8\xd5\x1e\xd1\xf4\x56\x56\x2d\x3a\xab\
\x7a\xe9\x31\xb2\x2b\x6e\x51\x4e\x20\x3c\x1c\x67\xdd\x5d\x70\xb3\
\x5a\x73\xce\xea\xcb\x58\x6f\x4a\x80\xed\x3d\x3b\xfd\xd3\xeb\x56\
\x3b\x16\x51\x8d\xf8\x32\x70\x1c\x4a\xb1\xc9\xd3\x99\x50\xfa\x53\
\x16\x5d\xa5\xa7\x03\x7e\x0c\xff\x00\xee\xa9\x7b\x17\x8b\xf5\x98\
\x10\x26\xb8\x92\x10\x71\x2e\x9c\xab\x95\xed\xd2\x3a\x77\x65\x39\
\x5d\xfd\x9d\xcd\x3d\xc1\x32\x11\x93\x14\xf0\xc3\x4c\xbb\x39\x42\
\xd8\xdc\xb3\x76\x38\x4d\xe2\x12\x3c\xf6\xfc\xa9\xda\xb9\x71\x5d\
\x3d\x63\x27\x6d\xcb\xda\x72\x58\xf7\xc7\x7a\xaf\x71\x89\xa4\x9f\
\xab\xe0\x37\x0f\xd9\xcd\x3e\x4f\x2a\xe9\xf1\xe3\xe5\x59\xcb\x2d\
\x17\xd2\x69\x46\x5d\x95\xa3\x63\x2c\xe6\xe0\xe1\x11\xfb\x2f\x46\
\xa9\x76\x3c\xb1\x7d\x39\x64\x5f\xa5\x5a\xf4\x98\xc6\x83\x48\x78\
\x9f\xe5\x6a\x8f\x65\x19\xd4\xe0\x64\x28\xe3\x85\xc3\xd2\xa6\x6b\
\x8b\xaf\x79\xf6\x0d\xf3\xbd\x4b\x76\x4c\xbb\x0b\x50\xbd\x23\x21\
\xf8\x35\x4b\x50\x5d\x89\x02\x37\x17\x2e\x31\x38\x8b\xf2\xc5\x59\
\xe3\x93\xd8\x1a\xae\x28\xc7\x29\x28\xbc\x2b\xb2\x1d\x46\x92\x59\
\x36\x96\xcd\xe9\xc3\xec\xd7\xfb\x2d\xc3\xc6\x3f\x56\xac\x95\x5b\
\xb3\x7f\x87\xb8\x77\x31\x3e\x6d\x58\x16\xb1\xed\xaf\x45\xa5\x29\
\xa3\x4a\x35\x01\x56\x3d\x12\x99\x1e\xcc\x9f\x14\x63\x28\xb7\xa4\
\x23\x9c\x9b\x1c\x93\x73\x9d\x57\xce\xcf\x95\x3f\xd1\x58\xb3\xec\
\x99\xf0\xdd\x8c\x52\xf4\xb6\x92\x99\xd8\xeb\xca\xaa\xfa\x3b\xd2\
\x90\x8c\x34\xec\x4c\x0d\xe1\x0c\xe7\x1b\x57\x72\xe5\xa9\x96\x78\
\xd8\xe6\x39\x31\x23\x73\x9f\x79\x5c\x3f\x4a\xf3\xea\xb4\xe2\x99\
\x2f\x19\xc3\x93\x95\x77\x78\xc9\x58\x90\x3c\xa5\x8f\x99\x52\x69\
\x36\xe6\xfa\x3b\x26\x5a\x2b\xd6\xf6\x46\xec\x84\x41\x1f\x73\x4b\
\xa5\x19\xf6\xbd\xfb\x51\x99\x05\xb3\x14\x58\xe4\x30\xf2\xc5\x2f\
\xa2\xc4\x65\xa4\xd4\x92\x8e\x7f\x6a\xe1\xca\x23\xbd\x26\x82\x2c\
\xfd\x23\xbd\x18\xa1\x9d\x38\x99\x70\x73\xef\xa0\xbd\x63\xb4\x75\
\x16\xbb\x4a\xd3\x1b\xad\xa9\x59\xd3\xa1\x28\x2e\x37\x96\xe8\x7b\
\xab\x71\xe8\xff\x00\x6f\x5c\xd7\xeb\x0d\x15\xc0\x9b\x1d\x3f\xad\
\x6e\xe4\xe7\xc5\x8c\x60\x31\xe3\x9a\xf3\xcb\x73\x94\x3b\x76\x28\
\xb1\x4b\x12\xca\x3f\xde\xad\x3f\xa1\x09\xff\x00\x89\x75\x01\xb7\
\xf6\x4f\xfb\xea\x2b\x7b\x9a\x33\x4d\xa2\x81\x56\x8a\x4a\x17\x6a\
\x0c\x2f\xe9\x1f\xf8\xbe\xcf\xff\x00\x0a\xe7\xf9\xa3\x58\x69\xfd\
\xaf\x7d\x6e\x7f\x48\xcf\xf6\xbe\xcf\xff\x00\x0a\xef\xf9\xa3\x58\
\x69\xfd\xaf\x7d\x5a\x91\x3e\x98\xfe\xcd\x6f\xee\x95\x2e\x7d\xf5\
\x1e\x9d\xc6\x9a\xdf\xdd\x2a\x4e\xfc\x26\x68\xa1\xf7\xef\x42\xf2\
\x29\x36\xdf\xf3\xa5\xce\xf9\xc3\x40\x67\x1c\xda\x33\xd4\xce\x29\
\x1d\x8f\xce\x86\x80\xf8\xd1\x46\xf4\x50\x53\x65\x6d\x77\xd3\x44\
\x58\x71\x18\x9b\xb1\x9e\x7b\xfd\x2a\x05\xc3\x8c\x19\x1c\x72\xf1\
\x3f\x3a\x98\x15\x8f\xf8\x2b\xf3\xa8\x17\xda\x7c\xff\x00\x12\xba\
\x4d\x31\xad\x1b\x39\x38\xee\x13\x90\xbd\xcd\x56\xd4\x42\xdf\xa8\
\x9a\x92\x24\x26\x03\x96\x3b\xdd\xf9\xd4\xf2\x4c\x3e\x5f\x83\x50\
\x6a\x37\xb7\x3f\x2f\xc6\xa6\x5a\x58\xab\xda\x9f\x6a\x3e\x52\xfa\
\xd3\xfb\x3a\x6c\x35\x52\x49\x11\xe4\xfb\xc7\x6a\x67\x69\xfd\xa8\
\xfd\xd7\xeb\x4d\xd2\xff\x00\x11\x2f\x26\xb3\x15\xa7\x8d\xeb\xa4\
\x73\x1d\x5e\x9e\x40\x80\x26\x32\x3d\x79\x72\xa7\xc3\x51\xa8\x5d\
\xa7\xa6\x76\x57\x32\x0d\x8f\x7f\xc2\xb9\xd9\xdd\xdf\xac\x69\x36\
\xc9\xf7\xa4\xf2\xad\x79\x33\xaf\xeb\xa9\x0d\x46\xa9\x8e\x7d\x55\
\xb4\x31\x9c\x5c\x33\xbf\x2e\xb4\xf8\xea\x75\x1b\xe3\x49\x29\x38\
\x7e\xcc\xb3\xb1\xcd\xe5\x5c\x7d\xb8\x73\x83\xec\x9d\x3c\x77\xa7\
\x2f\xb7\xdd\xed\x3c\xbc\x0a\x4c\xaa\x6a\xad\xf6\xc5\xeb\x92\xec\
\xab\xf1\x9e\x92\xe5\xbc\xc4\xf6\x93\x63\x29\x8d\xf1\x59\x5e\xb5\
\xd9\xd6\xca\x4e\x86\xe0\xc9\x46\x31\xdb\x2f\x7d\x71\xba\xd6\x72\
\xbb\xad\x63\xd0\x39\xd2\xd2\x1c\xe9\x6b\x2d\x1d\x1a\xb1\x67\x9d\
\x57\x8d\x4f\x6b\x9d\x05\xc8\x72\xa9\x0e\x55\x1c\x39\x15\x21\xca\
\x81\xd4\x51\x45\x01\x41\xbd\x14\x50\x2d\x14\x51\x40\xb4\xa7\x4a\
\x4a\x52\x80\x97\xef\x2d\x7d\xe7\xe8\xd5\x3e\xd9\x33\x2d\x3f\x94\
\xbe\xa5\x5c\x97\xef\x2d\x7d\xe7\xe8\xd5\x4e\xd9\x33\x3b\x18\xee\
\x97\xd4\xab\x3b\x4a\xb4\xdf\x8c\x40\xf5\x91\x31\xb8\x22\x61\xc7\
\x95\x24\x6f\xc7\x6c\x5c\xb6\xe1\xcf\xda\x39\xd7\x4f\x8f\xb2\xd8\
\x5b\xe2\x35\x31\x48\x84\x92\x4b\x99\x60\xe4\x7c\x6a\x32\xdf\x65\
\xcf\x87\x8a\xfd\xe8\xb8\xf6\xb3\x11\xc3\xd0\xe5\xe7\x5e\xac\xbe\
\x2d\xeb\x97\x19\xf2\x7f\x14\xe3\x35\xc6\x02\x40\xae\xd2\x1e\x7e\
\x4d\x36\x0a\x26\x63\x2d\x84\xe4\xef\x9a\xb9\xfa\x97\x66\xcc\x1f\
\xd6\xe2\x6c\xaf\x15\xa3\x67\xbb\xa5\x30\xec\xcd\x1e\x33\x0d\x6d\
\x8f\xb3\xc5\xc9\x1c\xf7\x6c\xd6\x7f\x0e\x5f\x6b\xf9\x71\xfa\x36\
\xc3\x16\x0f\x31\xc6\x0c\x98\xde\xa4\x11\x54\x7a\x8e\xfe\x55\x62\
\xd7\x65\xb1\x82\x43\x55\x66\x40\x9c\xae\xbd\x76\xeb\x9a\x79\xd9\
\x7a\x9c\xe2\x33\x8c\xb7\x43\x17\x07\x7f\x79\x53\xf1\x67\xf4\xbf\
\x93\x14\x36\xe7\x13\x80\x53\x27\x1e\x4f\x3e\x55\x19\xb0\x1f\xef\
\xa5\x59\x7b\x3b\x57\x13\x8d\x83\x82\x3c\x59\x08\xb8\x3b\xf9\xd4\
\x19\x96\x7e\xd4\x1e\xec\x89\xf8\xd4\xf1\xcb\x1e\xd7\x72\xf4\x4f\
\xf9\x52\xf2\xfc\x2b\x39\xab\x3f\x7b\xf7\xcf\xab\x5a\x49\x32\xf5\
\x13\xc1\x6d\x71\xd1\x4f\xc2\xb3\x7a\xac\xe2\xe6\x4c\x3c\x46\x4c\
\xe7\xab\x5a\xff\x00\x2c\xfb\x49\xa6\xdf\x4f\x6b\xfc\x47\xf1\xad\
\x00\x0d\xb3\x7f\xe5\x7f\xca\x56\x7f\x4b\xfc\x3d\xaf\xf1\x1f\xc6\
\xbb\xd1\x96\x6d\xc7\x31\x97\x2c\x67\x85\xee\x0e\x95\xc6\x3a\xd3\
\x9c\xe5\xeb\x8c\xfe\x14\xed\xc9\x7b\xff\x00\xee\xa6\x13\x0c\xe5\
\xc6\x73\xcc\x4e\x78\xf0\xf0\xa5\xe3\x8e\x33\xc5\x15\xce\x79\xe3\
\xae\x7a\xd4\xf6\x1d\x15\x22\x79\x7e\x0d\x4f\xa8\x7d\xa3\xae\xf2\
\xfa\xd5\x73\x0c\x76\xee\xc6\xc8\xf4\x4f\xc6\xa7\x92\xdc\x46\x31\
\x79\xae\xfe\x2e\x6b\x53\xb4\x45\x79\xfe\xc1\xad\xc7\x4b\x7f\x8d\
\x64\x6c\x9f\xda\xed\xbf\xdf\x3e\xb5\xae\xbb\x14\xec\xfd\x6a\x88\
\x30\xc6\x7d\xf5\x91\xb2\xff\x00\x6a\xb5\xf7\xcf\xad\x6f\xe4\x67\
\x1b\xcb\x57\xd8\xba\x9b\xb6\x2c\xde\x2d\xcd\x89\x2b\x8a\x98\x11\
\x45\xe8\xd7\x4f\xf5\xf9\x48\x4b\x96\x74\xf3\xc9\x85\x6d\x83\xdd\
\xcc\xc5\x71\xbb\x37\xf7\x37\x36\xfe\x77\xf1\xab\xca\x6f\xd1\xae\
\x71\x6e\x32\xd7\x42\x7a\x8d\x2b\x85\xd2\x70\xcb\x07\xb5\x6e\xeb\
\x14\xf7\x6f\x4d\xd4\x76\x85\xfb\x64\x6d\xd9\xbf\xa9\x2d\x4c\x49\
\x42\x77\x14\x7a\x63\xbb\x18\xaa\x97\x1d\xe3\x94\xfb\x27\xe3\x46\
\xa3\x2c\xad\x0f\x77\xe5\x5a\xc7\xb4\xb8\xcd\x39\x7e\x96\x84\x3b\
\x4f\x4a\xc3\x6e\x2b\x78\x47\x7c\x6f\x53\xfa\x31\x39\x5b\xed\x5b\
\x32\x84\x49\x21\x3c\x0b\x8c\xed\xde\xd5\x6f\x4c\x3f\xfb\xae\x97\
\xee\x1f\x52\x97\xb1\xdc\x6b\x6d\xf9\x4b\xe9\x59\xcb\x8a\xd4\xe9\
\xb2\xd6\x5d\xb9\x39\x45\xbb\xa1\xb9\x83\x9a\x04\x8f\x89\x50\x70\
\xf6\x4d\xeb\xb1\xb7\xaa\xb6\xdb\x8c\xa4\x71\x12\x8b\x1d\xba\xe7\
\x15\xcf\x9d\xeb\x90\x99\xc1\x29\x47\x1b\xe4\x71\x4d\xbf\xac\xd4\
\x5c\xb4\xc2\x77\xa7\x28\xb1\x72\x2e\x7e\xb5\xac\x6e\xab\x19\x4b\
\x62\x1f\x4c\x2d\xd9\x8b\x6a\xde\x9e\x59\xb2\x5c\xc4\x24\x39\xc9\
\xc2\xf5\xeb\x5c\xff\x00\x47\x34\x77\x35\xdd\xa9\x1d\x3d\xa6\x3c\
\x52\x8c\x93\x8b\x96\xc1\x56\x7d\x25\x92\xf6\x4e\x8c\x57\xf7\x87\
\x3f\xba\xd5\x6f\x47\xee\xfa\x8e\xd1\x2e\x2c\xcc\x46\x5b\xc2\x4c\
\x53\x63\x92\x53\x35\xc7\x88\xd1\x6b\x3d\x1b\xed\x38\x4e\x24\x6c\
\x46\xe1\x17\x2f\xab\xb8\x3b\x77\xe1\x6a\x96\xa3\x4f\x7f\x4d\xd8\
\x37\x8b\xf6\xa5\x6d\x94\xa5\x28\xf1\x18\xc9\xbe\xe7\x85\x74\xbf\
\xe3\x97\x61\x3f\x67\x5d\xaa\x8e\x0d\x89\xc6\x37\x0f\x7e\x70\xd5\
\x6e\xd6\xd6\x5d\xd5\xf6\x35\xc8\xdd\x91\x22\xc4\x5e\x19\x11\xe1\
\x51\x33\xb9\x9f\x0a\xd4\xca\xf8\xe9\x9f\xf5\xb8\xca\xf6\x7b\x8b\
\x37\x4c\x75\x3e\xad\x59\xaa\xfa\x19\x71\xda\xbb\x2c\x63\x2c\x5c\
\x7b\xda\x9c\x6b\x93\xa9\x68\xce\x68\xa5\xa8\x07\x93\xe5\x4c\xf4\
\x6d\x0e\xcb\x45\x0c\xdd\x96\x0c\xe3\x3b\x14\xfe\xff\x00\x2a\xad\
\xd8\x91\x9b\xd8\xb3\x63\x15\x0b\xf2\x14\x33\x83\x05\x15\x6f\xd2\
\x9f\xe1\xf4\xdf\xe2\xc7\xe9\x5d\xe6\xeb\x3b\x12\x8c\x88\xb8\x70\
\x3c\x20\xf4\xdb\x25\x67\xbd\x24\xdf\x49\xa6\x7f\xfd\xd8\xfd\x2b\
\xaf\x66\xf4\xa4\xdd\x8e\xd8\x27\x8d\xf1\xde\x51\x11\xfa\x30\xc4\
\xd2\xea\x16\x6c\x5f\x5a\xe3\x06\x47\x9e\xcd\x27\x67\x71\x3e\x91\
\xde\xe1\x8b\x27\xf5\x73\x63\x9b\x50\xf6\x05\xc2\x1a\x6b\xa4\xb3\
\x96\xf4\x83\x0d\x2e\x96\x41\xdb\xb7\xe4\xa0\x7e\xaf\x17\x2d\x45\
\x4f\x62\x4c\x7d\x21\xb7\x2e\x58\xb1\x2e\x67\x2f\x6a\xb4\xde\x85\
\x60\xf4\x9a\xf8\x72\x34\x9f\xf7\xd6\x62\xcc\xb8\x7b\x7a\xda\x61\
\xc6\x9e\x5b\x20\x8e\xf5\xa6\xf4\x29\x0f\x49\xaf\x9f\xff\x00\x0c\
\xff\x00\x3d\x5d\x8d\xe8\xd2\xe6\x9b\x9a\x2a\x05\x69\x33\xb5\x14\
\x99\x31\x41\x87\xfd\x22\xff\x00\x15\xd9\xff\x00\xe1\x5c\xff\x00\
\x34\x6b\x0f\x3f\xb5\xef\xad\xc7\xe9\x17\x7d\x5f\x67\xff\x00\x85\
\x73\xfc\xd1\xac\x3d\xce\x7e\xfa\xb5\x22\x7d\x3f\xf0\xd6\xfe\xe9\
\x52\x72\xee\xa8\xf4\xfb\x69\xed\xe3\xfa\x4a\x93\xae\x68\xa0\xe4\
\x81\xe1\x47\x96\xd4\x67\x1c\xa9\x33\xb6\xe5\x01\x47\x32\x8e\x7d\
\x29\x07\x7a\x07\x67\xca\x8a\x4d\xbb\xe8\xa0\xa9\x2e\xcf\xd7\x45\
\x73\x67\x94\x72\xe1\x36\x3e\x3c\xb9\xd5\x67\x89\x77\x20\xef\xde\
\x9d\xde\x1e\x55\x3e\x9e\x11\x9c\xa4\x48\xcf\x0d\x99\x48\xdd\x37\
\x3a\xd4\x2b\xbf\xbf\xf1\x2b\xad\xf1\xb7\x86\x26\xe7\x68\xe5\x9c\
\x72\x8f\xfe\xa7\xc7\xc3\xce\xa0\xbe\x4d\xb5\x27\x83\xd9\xe4\xa3\
\x90\x7b\xb9\x54\xf2\xe4\xf9\x7e\x75\x0e\xa1\x4b\x53\x05\x0e\x78\
\xce\xd9\xef\xac\xe5\x16\x55\x5e\xd4\x3d\xa8\xfd\xd7\xeb\x4d\xd1\
\x47\x8b\x55\x23\x0a\x61\xe5\x4e\xed\x4e\x71\xfb\xaf\xd6\x93\x47\
\x39\x42\xfc\x98\xa8\xe3\x3b\x77\x9b\x95\x99\xad\x17\x7b\x75\x7d\
\xb1\xde\xdc\x8d\xcc\xed\xdd\xef\xa1\x92\x39\x63\x2d\x95\xe5\xdf\
\xef\xab\xb7\x35\x3a\xa8\xea\x8b\x66\xaa\xf3\x99\x41\x56\x59\x72\
\x86\x5e\x5c\xf7\xa5\x8e\xa7\x55\x2d\x4c\xad\x7e\xb3\x73\x03\x70\
\x14\x17\x00\xbd\x4e\xb8\xde\xba\x6b\x0d\x26\xf3\x73\xc9\xe4\xc6\
\x10\xc0\x72\x7a\x34\xac\xcc\xe7\x08\x65\x7a\xf5\x31\x8e\x55\x72\
\xde\xb3\x55\x3b\x57\x26\xdf\x7d\x98\xc2\x58\x63\x17\x2a\xe3\xbb\
\xa5\x2c\xb5\x77\xcb\x45\xce\x28\x39\x9c\xa3\x86\xdc\x5c\x60\x15\
\xce\x3c\x7d\xd4\xd6\x1a\xec\xff\x00\xa7\x33\x57\x31\xd2\x5c\x0c\
\xf2\x0e\x4f\x47\xca\xb9\x3d\x6b\x41\xda\x97\xee\x4b\xb3\xe7\x09\
\x16\xd2\x76\xe1\x25\x2d\x44\x4c\xef\x81\x0f\xfe\x6b\x3f\xd6\xb9\
\xe5\x24\xbc\x2e\x36\xd8\x0e\x74\xb4\x87\x3a\x5a\xcb\x47\x46\xac\
\x5a\xe9\x55\xe3\x53\xda\xe7\x41\x72\xdb\xb1\x52\x1c\xaa\x38\x54\
\x87\x2a\x07\x51\x45\x14\x05\x14\x51\x40\xb4\x51\x45\x01\x4e\xa4\
\xa5\x28\x07\xf7\x96\xbe\xf3\xf4\x6a\xa7\x6b\x19\x96\x9f\xca\x5f\
\x52\xad\xcb\xed\xda\xfb\xcf\xd1\xaa\xbd\xab\xbc\xec\x79\x4b\xea\
\x55\x9d\x8e\xab\xb7\x67\xe9\xf0\xe3\xf6\xb3\xdf\xdc\x54\x6e\xda\
\x4b\x08\x7f\xce\x9e\xf8\xf0\x29\xf2\xff\x00\xed\xfa\x7f\xf1\x65\
\xf4\x29\x8a\x9a\x2b\x06\x5f\xdf\x4f\xaf\x81\x5d\xb2\x62\x11\x03\
\x4b\x61\x00\x59\xcc\x5c\x6e\xe3\x18\xa4\x94\x62\x58\xd3\xc8\x88\
\x32\x8c\xd5\xc7\x34\x70\x53\xa4\xbf\xaa\x69\xf7\x7f\x79\x3f\xc2\
\x9b\x3f\xe1\xf4\xbf\x76\x7f\xe6\x6b\x9b\x49\xd8\x46\x16\x2d\x31\
\x88\x71\x59\x24\xf9\xab\x96\xa5\x9d\xa8\x47\x57\xea\xe2\x24\x59\
\x46\x3b\x3b\x82\x19\xdf\xdf\x4c\x9b\xfd\x9a\xc6\x43\xf8\x78\xfd\
\x5a\x9a\xe6\x1e\xd1\xe5\xff\x00\x32\x1f\x42\x9b\x34\x6d\x98\xad\
\xf9\x40\x94\xc0\x27\xca\x4e\xf8\xce\x0f\x95\x42\x72\xcf\x97\xe1\
\x56\x2c\xe1\xd5\xcf\x1b\x6d\x73\x9f\x93\x55\xcd\x83\xaf\x2f\xc2\
\xb5\x2d\xbd\xb3\xa2\x92\x94\x22\x4e\x2a\x48\x4c\x3d\xce\x1a\xce\
\x6a\xe4\xb1\xb9\x15\xc8\x4f\x26\xdd\xeb\x5a\x19\x7d\x80\xef\x7f\
\x06\xb3\xba\xae\x57\x7e\xf9\xf5\x6b\xa7\xf9\x63\xd9\xfa\x5f\xe1\
\xad\xff\x00\x88\xfe\x35\xad\xb5\xa9\x63\x02\xdc\xb4\x9a\x69\x30\
\xb7\x95\x63\x85\x00\x57\x3d\x5c\x56\x4f\x4d\xfc\x35\xbf\xbe\xd6\
\x9c\x4e\x3b\x9b\x7f\xc9\x97\x5f\xee\x15\xcf\x1b\x63\xa6\x52\x5e\
\xd3\x7e\xb1\x61\x06\x5a\x0b\x58\x54\x18\xc9\x32\x89\x93\xe6\x14\
\xb2\x9e\x91\x64\x4b\x45\x33\x85\xc4\xb8\x6e\xbb\x39\x4e\xbe\x35\
\x5d\xde\xcd\xbd\xbf\xe6\x4f\xeb\x1a\x92\xe2\x71\xea\xf0\xbf\x6c\
\xdb\xfe\xba\xd7\xe4\xc9\x9f\xc7\x12\x70\xf6\x7c\xb0\x36\x35\x11\
\xc9\x9d\x98\xbb\x63\x39\xdc\xe5\x8c\xb5\x15\xe8\x69\xa3\x38\x36\
\x23\x36\x28\xe7\x8c\x07\x39\xe9\x8e\x7d\x29\xd1\x4e\x38\xa7\xff\
\x00\x8f\xff\x00\x63\x4d\xb8\xfe\xc6\xcf\x94\xbf\xcd\x49\x9d\xa7\
\x8e\x90\xcc\x8b\xd9\x9a\xe0\x18\xfe\xcd\x73\xc4\xa3\xbf\x2c\x56\
\x46\xcf\xf1\x56\xb0\xe7\xda\x3e\xb5\xac\x93\xff\x00\xd2\x75\x8f\
\xf7\x03\xe7\x59\x3b\x3f\xc5\x5a\xfb\xc7\xd6\xae\x66\x2d\x57\x63\
\x69\xa5\xa8\xb3\x75\x8d\xdb\x50\xc5\xc4\xc4\xe4\x19\xdd\xe5\x9a\
\xe9\x7f\xc3\x75\x58\xcc\x65\x66\x47\xf7\x6e\x1d\xde\x75\xcb\xec\
\x60\x63\x74\x41\x06\x6e\xe7\x5c\x49\xae\x8c\xa3\x12\xdc\x90\x88\
\x96\x49\x67\x1d\x72\x65\xac\x4f\x1f\x71\x6f\x96\xf8\xa9\xae\x76\
\x76\xb8\x40\xb0\xcb\x60\xd9\x1f\xc5\xaa\xd7\xec\xde\xb5\x7e\xd4\
\x6f\x5a\x94\x65\xcc\x25\x2c\x38\xcf\x3c\x25\x59\x9c\x23\xeb\x62\
\x06\x0e\x38\x44\x05\x30\x23\x9a\xab\x79\x5b\xb6\x15\x55\x1c\xe5\
\xce\xc4\x9c\x55\xc6\xe3\xbe\x12\xcc\xbd\xb9\x5e\x98\x3f\xfd\x57\
\x4c\x61\x31\x0e\xf1\xea\x51\xd8\xc9\xfa\xf4\x07\xba\x5c\xbc\xa8\
\xf4\xbd\x5e\xd5\xd2\xee\xfd\x8c\x1f\x12\x9f\xe8\xfc\xe5\x0e\xd7\
\xb2\xc2\x5c\x2e\x24\x67\x03\xfc\xaf\x7d\x67\x2e\xf9\x6a\x74\xea\
\xdd\x63\xc6\x0a\x8a\x77\x54\x17\x25\x11\xc7\x10\x64\x4d\xd0\xae\
\xb5\xcd\x5d\xd6\x47\x11\x6a\x59\x07\xda\xb5\x17\x98\xbd\xde\x15\
\x57\x53\xa8\x67\x0c\x36\x74\xe2\x99\x24\x5b\xc2\x6d\x9c\x98\x7d\
\xd5\x67\x8a\x6e\xb9\xde\x92\x98\xec\xcd\x21\x93\xf7\x87\x27\x3f\
\xca\xd5\x2e\xc9\x17\x52\xe3\xb9\xfc\x2a\xf7\xa4\xce\x7b\x37\x4b\
\x90\x5f\x58\x6f\xff\x00\x4b\x55\x7b\x08\xb6\xea\xdf\x5b\x06\x70\
\x22\xe4\x25\xc2\xe7\x60\x73\x87\xbe\xae\x49\x8d\x5c\xbc\x2c\xba\
\xf2\x39\x55\xad\x53\xff\x00\xd1\xb5\x38\xfe\x87\xe8\xd2\xdc\xb7\
\xa1\x95\xc5\xf5\x7a\x98\xf2\xe5\x74\x7e\xa7\x8d\x26\xb3\x82\x3d\
\x91\xa8\x8d\xb6\x7c\x04\x1e\x1e\x34\x5c\x70\xf5\xc6\xd4\xf4\xb2\
\xf2\xce\xf6\x6f\xf0\xd7\x3f\xe9\xfa\xb5\x66\xab\x76\x77\xf0\xf3\
\xff\x00\xa7\xea\xd5\x9a\xe7\x54\xb4\xb4\x94\xa3\x9a\x8a\x1e\x4f\
\x95\x59\xf4\x33\x54\xe9\xfb\x26\xe9\xc4\xc4\x95\xe5\x4e\x12\x43\
\x80\xf1\x2a\xb7\x7f\x95\x27\xa3\x10\x9c\xfb\x2a\x4c\x21\x29\x62\
\xec\xb3\x88\xae\x36\x3b\xaa\x9e\x92\xfa\x5f\x3f\x59\x1b\x52\xc0\
\x66\xf4\x79\x18\xe9\xd0\xad\x15\xfb\x7a\x43\x43\xc7\x6a\xc9\x1b\
\xab\x11\x91\x70\x45\xc9\x95\x33\xe1\x59\xaf\x4a\x55\xb5\x67\x22\
\x7e\xda\x3b\x27\x2d\xab\xb6\x3f\xb1\x90\xa6\xf2\x31\xf1\xa8\x2a\
\xfa\x31\xa3\xb7\xaa\xd3\x6a\x65\x3b\xcd\xaf\x57\x79\x47\x85\x47\
\x39\xce\x71\xca\xa1\xd2\xe9\xae\x6a\x7b\x6e\xf5\x9b\x2c\x49\xba\
\x78\xa7\x13\x83\x67\x3c\xe9\x7d\x1b\x93\x1d\x2e\xa1\x14\x3d\x6c\
\xb3\x87\x1b\x6f\x46\x8a\x6c\x3b\x7e\xfc\xa2\x99\x34\xe6\x32\x0f\
\xd6\x87\x23\xd4\xdd\x7b\x6e\x36\xad\xc5\x95\xc2\xcc\xa3\x88\xee\
\xed\x2d\xf1\x8f\x02\xb5\x5e\x84\x89\xe9\x2d\xfc\x88\x9a\x4c\x6f\
\xf7\xeb\x37\x62\xe3\x6f\xd2\x2b\x73\x8f\x32\xcc\x9e\xee\xaf\x75\
\x69\x3d\x0d\x5f\xfc\x4d\xa8\xcb\x9f\xec\x9f\xf7\xd2\xab\x76\x39\
\xa5\xa6\x0e\xd4\xec\xf8\x54\x0b\x49\x9d\xa8\xcf\x85\x24\x9d\xa8\
\x31\x1f\xa4\x3f\xe2\xbb\x3f\xfc\x2b\x9f\xe6\x8d\x62\x27\xf6\xbd\
\xf5\xb6\xfd\x21\xbf\xda\xf4\x1f\xe1\x5c\xff\x00\x34\x6b\x13\x73\
\x9f\xbe\xad\x48\x9f\x4e\xff\x00\x67\x86\x1f\xe5\x29\xf9\x6a\x3d\
\x33\xfd\x9e\xdf\xdd\x2a\x47\x7a\x28\xcf\x2a\x39\xbd\xf8\xa4\xa2\
\x81\x7e\xb4\x9e\xea\x5e\x94\x0a\x94\x06\x5f\xf6\xd1\x49\xee\xa2\
\x82\x8d\xab\xd1\xb7\x29\xae\x5e\x2b\x4c\x36\xe8\xbd\x7c\xaa\x37\
\x9f\x33\x9f\x7f\x97\xe5\x4f\x4d\x2a\xed\xa7\x96\xf1\xc9\x99\x1b\
\x3d\xfc\xbe\x55\x0b\x18\xe7\x1c\x10\xe7\xfd\x27\x79\xf9\xd6\xf1\
\x95\x8d\xec\x92\x36\xe6\x72\xef\xf3\xfc\xea\x0d\x43\x8b\x73\xcf\
\x77\xe3\x52\xca\x31\xc7\xd8\x8f\x2f\xe9\x3c\x7f\x2a\x8e\xfc\x6d\
\x96\x27\xec\x9c\x7b\x61\x00\x03\xaf\x8e\x69\x96\xf4\xb1\x57\xb5\
\x3e\xd4\x7e\xec\xbe\xb4\xcd\x2e\xf7\xe4\x07\x31\xfa\x53\xfb\x53\
\x9c\x7e\xeb\xf5\xa6\xe8\xd0\xd4\xac\x81\xdb\x93\x59\xf4\xae\xdc\
\xee\xc6\x7a\xaf\x58\x67\x03\x07\x09\xbe\xc0\x3f\x4a\x74\x6f\x46\
\x3a\xb9\x5c\x73\xc2\xb3\x4d\xb7\xdc\x71\xf5\xa6\x1f\xab\xe7\x6d\
\x3b\x8c\x9b\x71\x9c\x9e\x9c\xbe\x74\x26\x99\x70\xd8\x79\xa7\xda\
\x3a\x7b\xbf\xf9\xa7\xa6\x7c\xbf\x84\xb7\x32\x36\x6e\x45\xce\x65\
\x18\xc4\xdb\xa8\x8b\xf2\xa5\x94\xc6\xcc\x62\x67\x25\xc9\x49\xdb\
\xa2\x01\xf4\xa6\x8e\x9b\x19\xfd\x5d\xe4\x3b\x4c\xfc\xbf\xf8\xa5\
\x7f\x56\xce\x3d\x43\xcd\x3e\xd9\xd3\xdd\xd3\xe7\x4f\x4b\xe5\xfc\
\x45\xda\x32\x25\xa3\x71\xfc\xb6\xa1\x17\x27\x53\x9d\x71\x2b\xb3\
\xad\x2c\x7e\xa3\x71\x85\xa6\x2f\x08\x8b\x21\xc6\x5e\xec\x57\x1b\
\xad\x4a\xb2\xec\x1c\xe9\x69\x0e\x74\xb5\x14\xe8\xd4\xf6\xb9\xd4\
\x11\xa9\xed\x73\xa0\xb9\x0a\x90\xe5\x51\xc2\xa4\x39\x50\x3a\x8a\
\x28\xa0\x28\xa2\x8a\x05\xa2\x8a\x28\x0a\x71\x4d\xa7\x14\x09\x27\
\xf6\x96\xbe\xf3\xf4\x6a\xbf\x69\x61\xb9\x64\xf0\x97\xd4\xa9\xe7\
\xfb\xcb\x5f\x79\xfa\x35\x0f\x68\x99\x9d\xaf\xbb\x2f\xa9\x56\x15\
\x3c\xb5\x18\x8c\x62\x4a\x58\x8b\x90\xf5\x72\x41\xc6\xe9\xb6\x29\
\xa6\xa0\x08\xc5\x94\xb1\x15\x41\x84\xb6\x5e\x6f\x2a\xbf\x29\xe8\
\x58\x5b\xc5\x8b\xce\x22\x12\x49\x3b\xcb\x07\x2d\xf9\x73\xa8\x89\
\xe8\xf6\xcd\x8b\xcf\x31\xc4\x9d\xdf\x0d\xeb\xae\x6e\x38\xe7\x7e\
\x95\x7f\x59\x38\x41\x93\x88\xaa\x0c\x65\x81\x79\xf4\xa6\xfe\xb2\
\x21\x16\x79\x22\x24\x46\x2e\x01\xdd\xe9\x57\x23\x2d\x27\xb3\x9b\
\x17\x97\x08\xe2\x4e\xef\x86\xfc\xb9\xd0\x4f\x49\x80\x2c\xde\x56\
\x3b\x7b\x6e\xef\x7f\x3e\x55\xcf\x6d\x4c\xaf\xd1\xc5\xe2\x50\x89\
\x29\x08\x44\x89\x91\xd8\xee\xe5\x4a\xea\x33\x73\xd6\x32\x19\x64\
\x73\xe2\x72\xe9\xe1\x56\x19\x69\x71\xb5\xab\xa6\xc2\x2c\x9e\x5d\
\x5e\x74\xa4\xb4\xbc\x5b\xd8\xbd\x8e\x2f\xea\xe8\xf2\x39\xf3\xa7\
\x07\x95\xfa\x57\x85\xf2\x37\x38\x89\x44\x5c\xe5\xf3\xe7\xd2\x82\
\x56\xfa\x5c\x2a\xc1\x2d\x32\x60\xb5\x74\x92\x20\xf1\x6d\x9e\xff\
\x00\x2a\x84\x9b\xdf\xdd\x5b\xc6\x9b\xb4\xd9\xca\xd9\x03\x37\x23\
\xcf\x63\xbf\x66\xb3\x9a\xa4\x4b\x88\x89\xc4\x39\x3c\xda\xd3\x46\
\x7e\xd4\x09\xab\x05\x78\xb1\xcf\x18\x79\x56\x6f\x57\xc3\xc3\x73\
\x19\xe2\xe3\xdf\x3c\xb1\x97\x1e\xfa\xeb\x6f\x0c\xfb\x3b\x4a\x67\
\x4d\x6f\xef\xb5\xa1\x8e\xa0\xc7\x13\x28\x0c\xa0\xc5\xdc\xe4\xc4\
\x3b\xfc\x2b\x3f\xa5\x7f\xb3\x5b\xfb\xed\x69\xe1\x2d\x29\x6a\x3c\
\x56\x6e\xa9\x13\x29\x73\x6c\xe0\x5f\x97\xd6\xb8\x3a\x5b\xa4\x1e\
\xba\x2c\x48\xb2\x8e\x22\xb2\x31\x23\xae\x3c\x7c\x29\xed\xf8\xca\
\x57\x5c\xc7\xf6\x88\xa1\x23\x6f\x6b\x3b\x6f\xee\xa9\x78\xf4\x83\
\xbd\x8b\xae\x39\xfe\xd3\xc7\xf2\xa7\x12\xd2\x72\x6c\x5c\x5e\x5f\
\xbc\xf3\x3e\xb8\xf8\x51\x3c\xff\x00\x88\x8b\xe0\x8a\xc7\x25\xbe\
\x0e\x67\x2e\x14\xcf\x3f\x1a\x56\xe1\x28\x40\x25\x13\x84\x97\x39\
\x1b\xe5\xcd\x48\x4f\x48\x9f\xc3\xdc\xe5\xff\x00\x99\xe0\x3d\xde\
\x74\xcb\xd2\xb5\xb3\x66\xdb\x10\x11\x24\x92\x57\xbe\xae\x32\x6c\
\xb9\x5a\x86\x6c\x4e\xc6\xd6\x3c\x50\x73\x13\x94\x85\xe7\x59\x3b\
\x3f\xc5\x5b\xfb\xc7\xd4\xad\x6c\xd1\xec\x5d\x5f\x14\x4f\xb3\xb6\
\x00\xdf\xa5\x64\x6c\xa1\xaa\xb7\x8d\xbd\xb3\xeb\x5b\xf9\x3a\x4c\
\x5a\x8e\xc9\x99\x08\x5c\x5c\x6f\x29\x1c\xf1\xcc\x4f\xc6\xaf\x37\
\xa2\xc1\x0c\x6f\x6c\x87\x3e\xa2\x39\xf9\x55\x3e\xc7\x74\xe5\x9b\
\xbe\xbe\xd4\xae\x7e\xd1\xc6\x24\x18\x32\xf8\x57\x47\x3a\x1c\x3f\
\xd9\x67\xff\x00\xfd\x0f\xca\xb9\x48\xd5\xca\xc3\xa7\x78\xf5\x91\
\x92\x3f\x6a\x33\xc6\x7a\x02\x62\xab\xaf\x1d\xeb\x51\x30\xf0\xe7\
\x3b\x9d\x55\xab\x37\x1d\x16\x4f\xec\xb2\xe4\x63\xf6\x87\xe5\x55\
\xa7\xea\x1d\x6c\x1b\x36\x23\x13\x06\x49\x62\x4e\x77\xeb\x8a\xde\
\x1d\xb1\x72\xae\x57\xa5\xf9\x3b\x57\x4c\x77\x47\xbf\xc4\xa3\xb0\
\xe4\x47\xb5\xad\x2f\x20\x96\x7f\xf4\xb4\x9e\x97\x07\xfc\x57\x4e\
\x80\x3c\x3b\x81\xb7\x32\x8e\xc4\x60\x76\xb5\xaf\x59\x16\x51\xc4\
\x84\x1c\x67\x67\xad\x4c\xfb\x6e\x74\xd0\x5c\x98\x4e\x39\xdb\x04\
\x7e\x51\x47\xeb\x50\x4e\x63\x22\x26\x57\x1d\xdd\xf1\xc7\xd6\xac\
\xde\x96\x89\x96\xfa\x79\x72\xff\x00\xcc\xff\x00\x4a\xab\x79\xd2\
\x33\xc4\x34\xf2\x26\xe3\x85\x6e\x64\x1c\xf7\x62\xa4\xed\x37\xfc\
\x56\xf4\x9c\x4e\xce\xd2\xe4\x4f\xda\x1c\xfe\xeb\x55\xbb\x0d\x23\
\x7d\x57\x1b\x3f\x58\xbf\x85\x58\xf4\x95\x3f\x50\xd2\xe2\x21\xfb\
\x43\x91\xfd\xd6\xab\x76\x2b\x6c\xbc\xb7\x62\xca\x38\x91\x81\xc6\
\xfb\x63\x7a\xd6\x7d\x18\xba\x57\x26\x71\xb8\x79\x27\xe1\xf9\x54\
\x9a\xd1\x7b\x1b\x50\xe1\xc7\xab\xc6\x71\xfd\xda\x86\xe3\xa1\x66\
\xe7\x4b\x37\x7f\xfc\xd7\xf2\xa9\x35\xbe\xaf\xfe\x13\xa9\xf5\x71\
\xe1\x8b\x17\x02\xe5\x3d\x9e\xfa\x98\x9b\xb5\x9f\xec\xef\xe1\xa7\
\xe7\x1f\xab\x56\x4a\xad\xd9\xe9\xfa\xbd\xcf\x38\xfd\x5a\xb3\x59\
\x59\xd0\xa5\x36\xa4\xa5\x37\xa8\xa1\x76\x69\xfe\x8a\x38\xec\xb9\
\xb9\x4f\xdb\x4b\x93\x8e\x85\x33\x1b\x3e\x4d\x1e\x8b\x4a\xd9\xd9\
\x93\x2e\x42\x52\xfd\xac\xb0\x92\xc6\x36\x3c\x29\xbd\x07\x7a\x52\
\xe6\x16\xb7\xcf\xed\xce\x7e\x55\xdf\xb9\x72\x52\xd1\x11\x94\xd4\
\x24\x60\x5e\x55\x9f\xf4\x9d\x3d\x5d\xa6\x26\x0f\x5e\x63\x2e\x76\
\xc5\x77\x27\x3b\x72\xd3\xe2\x31\x49\x71\x19\x59\x64\x7d\xd8\xa6\
\xe8\xa7\xe8\xb3\x8d\x1e\xac\x41\x1b\x92\xe6\x0f\x7f\x7d\x37\x41\
\x83\xd2\x1b\xbc\x51\x24\x7e\xae\x08\x99\x1d\xca\x6f\xa3\x92\x89\
\xa2\xd5\x12\x8a\xe6\xe4\xb0\x92\xc6\x39\xd1\xa4\x62\x76\xf5\xe6\
\x42\x9e\xa2\x3b\x0e\x1e\x7d\xf4\xdd\x35\x13\x59\xe1\xff\x00\xc4\
\x50\xe2\x8e\x4f\x53\x23\x19\x4e\xaf\x75\x69\x3d\x0d\xdb\xd2\x6d\
\x47\x71\xa4\xc7\xfe\xfa\xcc\xd9\x62\x76\xfc\x19\x0b\x1f\x53\x2d\
\x87\x0f\xda\xef\xad\x2f\xa1\xaf\xff\x00\xa9\x75\x18\xff\x00\xf1\
\x3f\xef\xa6\xd5\xbb\x1d\xa9\x73\x4d\x8b\x4b\x50\x2e\x69\x1a\x29\
\x17\x6d\xe8\x31\x1f\xa4\x24\xfd\x6f\x41\xfe\x15\xcf\xf3\x46\xb1\
\x57\x39\xfb\xeb\x6b\xfa\x41\xfe\x2f\x41\xfe\x15\xcf\xf3\x46\xb1\
\x53\xfb\x5e\xfa\xb5\x22\x5d\x3f\xf0\xf6\xfe\xed\x49\xe7\x51\xe9\
\xff\x00\x87\x87\xdd\x2a\x46\x8a\x33\xdf\x45\x1c\xa8\xa0\x3b\xa8\
\xe5\x47\x75\x14\x09\xef\x68\xa5\xcd\x14\x1c\xdf\xe6\x3e\xed\x35\
\x7d\xac\x78\xfe\x25\x43\xfa\xe5\xbd\x96\x47\x2c\x7b\xbe\x14\x9f\
\xae\x59\x5e\x66\xfe\x7f\xef\xa5\x74\xc6\xe9\x9b\xca\x49\x38\x3d\
\xdf\x83\x50\xea\x3f\x77\x3f\x2a\x58\xdf\x8d\xc5\x2d\x99\xc1\xd7\
\x35\x1e\xa6\x49\x6a\x4a\x1b\xe0\xeb\xd5\x2a\x65\x76\x48\x87\xb5\
\x39\xc3\xca\x5f\x85\x33\x4d\xb6\xa5\xf2\x69\xfd\xa8\xef\x1f\x29\
\x54\x7a\x54\x8e\xa2\x4a\x67\x02\xe3\x1e\x15\x99\xd2\xba\xe7\x3e\
\x5d\x63\x47\x34\xd9\xe7\x2f\xa5\x52\x3b\x40\x7f\x96\x4f\x5e\x4f\
\xe7\x43\xae\x57\x6b\x73\xe5\x9e\x4d\x5d\x5d\x1b\xe5\x70\x36\xff\
\x00\xa4\xfa\xd3\x91\x25\xcb\xf9\x9f\xa5\x51\x35\xb3\x79\x5a\x97\
\xc2\x87\x57\x71\x32\x5a\x96\xde\x15\x24\xba\x37\xca\x7d\x60\xfe\
\xa7\x73\x6f\xe5\x8f\xd6\xb9\x35\x6e\xf6\xa2\xe4\xec\x4a\x32\xb6\
\x83\xcd\x7a\x55\x4a\x94\x80\xe7\x4b\x48\x73\xa7\x75\xa8\xa5\x8d\
\x4f\x6b\x9d\x41\x1a\x9e\xd7\x3a\x0b\x90\xa9\x0e\x55\x1c\x2a\x43\
\x95\x03\xa8\xa2\x8a\x02\x8a\x28\xa0\x50\xeb\x45\x27\x5a\x5a\x02\
\x9d\x4d\xa5\x1a\x04\x97\xef\x2d\xfd\xe7\xe8\xd4\x1d\xa1\xfb\xcb\
\x1f\x76\x5f\x85\x4f\x2f\xde\x5b\xfb\xcf\xd1\xa8\x75\xff\x00\xbc\
\xb3\xf7\x65\xf8\x55\x82\xdc\x76\xb7\x6f\x9f\x3f\xc2\x9a\x2e\x63\
\xbb\xf6\x9a\x77\x28\x40\xee\x97\xe1\x4c\x3f\x97\x1b\xfb\x4d\x76\
\xcf\xd3\x18\xc2\x45\xde\x1e\x6d\x16\xd5\x94\x03\xb9\xfa\xd1\x1e\
\x70\xd9\xfb\x4d\x2d\x91\x6e\x5b\xdb\xbe\xb9\xb4\xb4\xbe\xca\xf7\
\xc6\x95\xfb\x4f\x99\x49\x87\x87\x63\xf9\x69\xd8\x72\xed\xfc\xc5\
\x01\x17\x73\xa6\xed\x24\x79\x1e\xef\xc2\x96\x23\xc5\x17\x1b\x65\
\xa6\xc4\x71\xf0\xfc\x2b\x58\xa5\x29\xf6\xa0\x79\xfd\x1a\xce\x6a\
\x79\x5d\xfb\xc7\xd5\xad\x20\x24\xe3\x91\xd8\x7a\x78\x35\x9b\xd4\
\xb9\x2f\x78\x48\xfa\xb5\xd6\xf4\xe7\xed\x26\x95\xc6\x9e\xdf\xf8\
\x8d\x77\xa2\xfe\xc8\xf2\x7e\x85\x70\xb4\xbf\xc3\x5a\xfb\xed\x77\
\xa2\x2c\x0c\x2e\xe6\xdb\x77\x81\x5e\x78\xea\x57\xf9\xbc\xdf\xc2\
\x97\x3b\xfb\xff\x00\x1a\x56\x39\x53\x2e\xeb\xd3\xbf\x1f\x95\x18\
\x33\x9c\xf5\xf0\xef\xcd\x50\x0f\xb3\xee\xfc\x1a\x59\xb8\x84\xbd\
\xf4\x01\x8c\x64\xe5\x8e\x67\x76\x29\x66\x45\x83\x99\x06\xcf\x8f\
\x3a\xd6\x3d\xa5\xe8\xdb\x99\x3b\x17\x55\xd7\xd9\xfc\x6b\x23\x6b\
\xf8\x9b\x5f\x78\xfa\x95\xae\xd4\xca\xdc\x7b\x13\x51\xed\x65\x63\
\xcb\x1e\x35\x91\xb4\x3f\xad\x5a\x3f\xbc\x7d\x4a\xbf\x23\x38\xb4\
\xbd\x9b\xb5\x99\xff\x00\x88\xfd\x5a\xbb\x97\x72\xa9\x76\x6a\x16\
\xae\x64\xd9\x9b\xf5\x6a\xef\x18\x1b\x9c\xb7\xca\x9f\x9d\x73\x95\
\xb4\x97\x1c\xb1\xfb\xa7\xe3\x51\x5b\x57\x54\x7f\xbe\x95\x25\xdb\
\xb0\x8b\x11\x62\x66\x27\x52\x99\x6e\xe4\x0d\x74\x6d\xa1\xc7\x21\
\x63\xe2\x06\xf5\xd3\x09\x7b\x67\x2b\x23\x99\xe9\x67\xff\x00\x75\
\xd3\x7d\xdf\xc4\xa6\xf6\x47\xff\x00\x73\xb7\xe5\x2f\xa3\x49\xe9\
\x3d\xc6\x7d\xab\x65\x40\xc1\x83\x1e\x74\x76\x54\x98\x76\x8c\x25\
\x18\xaa\x12\xd8\x3c\x1a\xc6\x57\x95\xc7\xa7\x7a\xe8\xf1\xe0\x1e\
\x55\x55\x24\xea\x47\x0e\xc9\xd2\xa4\xbf\x7a\xe9\x33\xf6\x72\x32\
\x75\x42\xa0\x85\xdb\x8d\xe9\x49\xd9\x8c\x80\x04\x7e\x38\xe5\x5a\
\xc3\x1b\x6a\x65\x94\x84\xf4\x90\x7f\x50\xd3\x6d\xff\x00\x30\x3f\
\xf6\xb5\x5b\xb2\x05\x9a\x1c\xf7\xfc\x2a\x6f\x49\x59\x7a\x8b\x11\
\x64\xa1\x21\x05\xce\xfc\x2d\x43\xd9\x26\x54\xce\x39\xef\xbf\x87\
\x75\x33\x31\x5a\x94\x64\xca\x46\x0e\x6f\x36\xad\x6a\x84\xec\x7b\
\xe3\x8f\xb2\xf5\xf0\xaa\x6c\x06\xe1\x9c\xb9\x96\x1d\x90\x77\xeb\
\x9a\xb3\xac\xdf\xb2\x6e\x72\xda\x52\x0f\x20\xf8\xd6\xa6\x36\x63\
\xb6\x7c\xa5\xcb\x4e\x1f\x67\xfe\xe2\xe7\x9c\x7e\xad\x59\x39\xd5\
\x7d\x06\xd6\x6e\xfd\xe3\xea\xd5\x83\xa5\x72\xf6\xdc\xe8\xbd\x29\
\x4d\xa9\x3a\x52\x95\x14\xab\xb6\x6a\x0f\x47\xae\x46\xdf\x65\xc9\
\x96\x77\xbb\x2c\x63\xc8\xa9\x9e\x5e\xea\x5f\x45\xb4\x0e\xb7\xb2\
\x2e\x62\xec\x2d\x91\xbc\xe5\x93\x8e\x85\x5d\x6c\xf4\x67\xa4\x92\
\xe2\xb1\x65\x04\x3d\x74\x79\xf9\x57\x5c\xbd\x19\xc5\x81\x14\xe1\
\xb8\x0a\xb5\xcb\xf4\xa2\xd9\x66\x16\xed\xf1\xc6\x64\x6f\x47\x78\
\xf2\x76\x2b\xbd\x7b\x49\xa5\xb7\xa4\x2e\xdb\xb9\x76\x57\x25\x28\
\xa8\xc5\x23\x97\x19\xdd\x3c\xe9\xaa\xae\x37\x62\xdc\xf5\x7a\x4b\
\xc0\x0b\x2b\xc9\xbb\xcb\x7a\x21\x75\xb7\xda\xd7\xe6\x02\xfa\x98\
\x18\x79\x6e\x95\x6b\xd1\x98\x69\xe5\xa2\xd5\xb7\xed\x7a\xc2\x37\
\x56\x39\x99\x1c\x6e\xfb\xdf\x75\x27\x67\x4a\x11\xf4\x82\xeb\x72\
\x30\x94\x4d\x38\x24\xc5\x1e\xec\x85\x4d\x22\x32\x72\x8f\x6b\x46\
\x51\xc2\xfa\x97\xa7\xf7\xb1\x5a\x9f\x42\xdf\xff\x00\x51\xdf\x5f\
\xff\x00\x13\x9f\xfd\x75\x9e\xd3\x5d\x2d\x7a\x49\x1b\x80\x01\x6a\
\x6e\xc1\xb6\x64\xf2\x1d\xb1\xbd\x68\xbd\x0f\x73\xe9\x2e\xa1\x79\
\xfe\xab\xff\x00\x7d\x34\xad\xd0\xd2\xe7\x6c\x53\x47\x6a\x5a\x81\
\x69\xab\xb5\x2d\x24\x9d\xa8\x31\x3f\xa4\x1f\xe3\x34\x3f\xe1\x5c\
\xff\x00\x34\x6b\x15\x73\xed\x7b\xeb\x69\xfa\x41\x7f\xb5\xe8\x7f\
\xc2\xb9\xfe\x68\xd6\x2e\x6f\xb4\xf9\xd5\xa9\x13\x69\xff\x00\x71\
\x6f\xca\xa4\xa8\xf4\xdf\xc3\xdb\xf2\xa9\x28\xa3\xbe\x8a\x28\xa0\
\x39\x51\x9d\xfb\xca\x33\x48\xef\x40\xb8\x7b\xca\x29\x3d\xf4\x50\
\x66\x64\xc7\x84\x73\xa7\x39\xf7\xa7\x3a\x6f\x14\x79\xf1\x59\xf7\
\x45\x7f\x0a\xd1\x3d\x99\xa2\x89\x99\x26\x4e\xf4\x31\x4b\xfa\x9f\
\x67\x44\xf6\xa7\x0d\x8e\xb7\x02\xba\xe9\xcf\x6e\x26\x91\x19\xcf\
\x0c\x5c\x07\x28\xe3\xad\x49\xad\x03\x4c\xa1\x87\x88\xcf\xc4\xae\
\x9d\xd8\x76\x7d\xbb\x6b\x09\xdb\xe2\xc2\x98\x9e\x7a\x6d\xca\xb8\
\x9a\x85\x60\xb9\x53\x23\x8d\xf9\x66\xb1\x94\x6a\x5d\x9b\xda\x8e\
\xf0\xf2\x95\x37\x48\x2d\xf9\x86\x7e\xcb\xcb\xca\x97\xb4\xfe\xd4\
\x7c\xa5\x4f\xec\xd9\xc6\x1a\xd5\x94\x57\x71\x70\x67\x61\xdf\xe5\
\x52\x14\xd8\xc2\xe2\x7d\x9b\xef\x9a\x14\xef\x55\x75\x7f\x77\x79\
\x31\xd6\x55\xa0\x8e\xb6\xc1\x10\x8e\x9e\x6f\x7e\x22\x1f\x8d\x38\
\xd6\xab\xec\x69\x2e\x3c\xd3\x01\xd3\x9f\x21\xae\x9a\x9a\x4d\xc6\
\x7a\x3a\x6b\xeb\xfb\x8b\x9e\xf9\xb4\xef\xd4\xb5\x08\xe3\x4e\xbd\
\xde\xd2\xd6\x84\xd5\x6a\x24\x2c\x34\x53\xc1\x8e\x6b\xd7\x97\x4e\
\xb4\xb1\xd4\xeb\x5c\x91\xd2\xc4\x70\xf3\x92\x72\xe7\xd0\xa6\xa2\
\x6e\x33\x97\xb4\x77\xed\xd8\x95\xc9\xd9\x23\x00\xca\xef\xb7\xc6\
\xa9\xd6\x93\xb5\x2e\x6a\xe5\xd9\x97\x8b\xb6\xed\x46\x18\x07\x13\
\x17\x74\xc6\x0c\xd6\x6f\xad\x63\x36\xb1\xbb\x82\x94\xa4\x37\xa5\
\x2b\x0d\x1d\x1a\x9e\xd7\x3a\x82\x35\x62\xd6\xcd\x05\xb8\x54\x87\
\x2a\x8a\xdf\x2a\x94\xe5\x40\xea\x28\xa2\x80\xa2\x8a\x28\x0c\x14\
\xb4\x9d\x69\x68\x03\x9d\x2f\x5a\x43\x9d\x2f\x5a\x04\x97\xef\x2d\
\xfd\xe7\xe8\xd4\x5a\xff\x00\xde\x59\xfb\xb2\xfc\x2a\x59\x7e\xf2\
\xdf\xde\x7e\x8d\x45\xae\xfd\xed\x9f\x29\x7e\x15\x67\x65\x4e\xde\
\x88\x44\x24\x18\xdf\x61\xd9\xa8\xfd\x74\x4e\x52\x7d\xd1\xf9\xf3\
\xaa\xbc\x12\x65\x25\xb7\x9d\xf6\x55\xa7\xf0\x27\xf2\xc0\xf3\x6b\
\x77\x96\x53\x37\xa3\xd5\x76\xf2\x29\xd6\x6f\xc5\xba\x02\xb8\xce\
\xd9\x2a\xbc\x62\xb1\xda\x50\x36\xee\xa9\x34\xb1\x0b\xb9\x6f\x47\
\x61\xd8\x3f\xd2\xa7\x0b\xca\xf1\x7b\x3d\x17\x7c\xf3\xa0\xba\x39\
\xd9\xf8\xb5\x10\xc0\xe7\x76\x4e\xee\xc1\x44\x5b\x63\x9c\xcd\xa0\
\x94\xbb\x84\x48\x9c\xb6\xa9\x23\x72\x72\x14\x0d\xb9\xb5\x5c\xe1\
\x43\x16\xe4\xbe\x2f\x8d\x4d\x6d\x03\x0c\x65\x17\x3b\x03\x5d\x30\
\x9b\x63\x2b\xa1\x72\x73\x27\xf6\x93\xd8\x5f\x93\x59\xa6\x4c\xac\
\x4e\x52\x55\x51\x5e\xfd\xda\xd0\xea\xe4\x92\xc1\xb1\xc2\xd6\x76\
\x1f\xc2\xcb\xcc\xfa\xb5\xac\x91\x67\x4b\xfc\x3d\xbf\xbe\xd7\x6a\
\x04\xa5\x18\xed\x24\x03\x91\xb7\x2a\xe3\x69\x9f\xd8\x5b\xfb\xef\
\xe3\x5d\x88\x23\x08\xe6\x57\x17\x06\xc1\xb5\x70\x8e\x87\x46\x33\
\x4c\xb1\x97\x2c\xf3\xc5\x3b\x82\x42\x98\x89\x83\x3b\xc8\xa6\xc2\
\x07\x09\x8b\x77\x5d\xba\xb8\x29\xe5\xb5\x70\x59\x39\x1f\x6a\x45\
\x5e\x50\x61\x30\x32\xb6\x19\x3a\xe6\x93\x58\xb1\xd0\xca\x44\xa2\
\x0a\x0c\xa2\xee\x6e\x72\x2a\x68\x69\xee\xc9\x38\x2c\x41\xdc\xd8\
\x8b\x27\xe9\x53\x5e\xec\x8e\xd0\xd4\x69\xf8\x6c\xe9\x2e\x4a\xe2\
\x88\xc6\xda\x06\xf5\xd3\xe3\xd3\x19\xef\xb5\x2e\xd2\xc4\x7b\x2a\
\xe9\xcb\x31\xcf\xce\xb3\x36\x8f\xed\x76\xfe\xf9\xf8\x56\x97\xb6\
\x2d\x5d\xb1\xa7\xd4\x58\xbf\x6e\x56\xe7\x0b\x46\x63\x2e\x66\x51\
\xdf\xc6\xb3\x76\x8c\x6a\xad\xbd\xf2\x3e\xb5\x9c\xd7\x1b\x2c\xe1\
\xdf\xd0\xc3\x8a\xcd\xc7\xd5\xb3\xc4\x9d\xf8\xb8\x43\x77\x9f\x7d\
\x5a\x94\x62\x1b\xdb\xd3\xc7\x3f\xd5\x71\x5f\x93\x56\xfd\x14\xec\
\x6b\x7d\xad\x63\x53\x2b\x93\x8c\x7d\x55\xc0\x33\x1c\xae\x55\xdb\
\x73\xba\xba\xfa\x9e\xc4\xd3\x69\x67\x28\xc5\x24\x44\xdd\x6d\x86\
\xfd\xd5\x99\x38\x69\xc0\xb9\x28\x93\x80\x4f\x4c\x6c\x3e\xcd\xb6\
\x4f\xd2\x99\x68\xc7\x6c\x41\x70\x0c\x24\xed\x1e\x7c\xb9\xaf\x2f\
\x2a\xd0\x4e\xce\x8a\x18\x2e\x5f\x89\xb6\x70\xcc\x3e\x54\x96\xaf\
\x76\x2c\x74\x3a\xbe\x29\x5b\x96\xa5\x8a\x5a\xda\x52\x96\x51\xe5\
\x83\x1c\xf1\x5d\xb0\xbc\x69\xcb\xe4\xe3\x59\x31\xbe\x91\x3c\x5d\
\xa7\x69\xef\x33\xff\x00\xba\x9f\xd9\x50\x6e\x76\x94\x23\x18\x92\
\x52\x58\x15\x0e\x4f\x75\x37\xb7\xce\x1e\xd1\xb2\xce\x29\xc5\x1d\
\x84\xc7\xf3\x55\x8f\x47\x67\x38\x76\xe5\xa6\xdd\xbf\x59\x32\x32\
\xc4\x7b\xfd\x96\xb8\xd9\xcb\xac\xe9\xd7\x7b\x33\x51\x76\xe9\x18\
\x59\x84\xa4\x9c\x88\xc9\x7e\x75\x3d\xaf\x47\x3b\x45\x94\xf3\x60\
\x8f\x14\x8c\x2e\x22\x19\xd8\xce\xfb\xd7\x4d\xd6\x76\x85\x9b\x8a\
\x5a\xb1\x6d\x4c\x66\xe4\xb7\x3e\x29\xf4\xaa\xba\x9e\xd8\xed\x18\
\xf1\x2f\x68\x69\xcc\x39\x21\x66\x22\xe4\x76\x33\x84\xf9\xd6\xf0\
\xba\xae\x79\xea\xc7\x0b\xd2\x9b\x13\xb3\x72\x16\x2e\x60\x94\x26\
\x45\x07\x26\x48\xaf\x3a\x7f\xa2\x9a\x48\xeb\xbb\x43\xd4\x4a\xe7\
\xaa\x18\xce\x4c\xbb\xb0\x1e\x25\x45\xe9\x15\xc6\xf6\x8e\xc6\xa2\
\xe4\xa5\x2b\xb3\xbb\xed\x49\x72\xbe\xcb\x55\xbb\x1a\xe4\x21\xaa\
\xfd\xa5\xb2\xe4\x78\x64\xb1\x54\x1d\x8e\xa5\x4c\xfb\x5c\x3a\x6c\
\x25\xd8\xdd\x8b\x62\xe9\xeb\xfb\x4e\x0a\x39\xda\xe4\x44\x7e\x2b\
\x5c\xfe\xdd\x8e\x8a\x1d\x98\x1a\x2b\x92\xb8\xb1\x94\xae\xb9\x50\
\x5e\x5d\x0f\x1a\xa6\x6b\x2d\xc3\xf7\x7a\x4d\x3c\x7c\x58\xb2\x7e\
\x6d\x26\xae\xe3\x73\x43\xac\x9c\x93\x2c\x57\x63\x01\xec\xf4\x2a\
\xcb\xc6\x92\xcb\x6e\xdc\x5d\x1a\x36\xae\x70\xf2\x51\x3e\x2d\x4d\
\xca\xab\x68\x1f\xd9\x48\xf0\x3e\xad\x5a\xae\x77\xb7\x49\xd0\x39\
\x53\x8a\x69\x4a\x73\xa8\xa7\x77\xd2\x7a\x2d\x74\xb7\xd9\x73\x58\
\x42\x59\xba\xef\x28\x8e\x36\x3b\xe8\xe8\xf9\x54\x5e\x8d\xc2\x37\
\x3b\x32\x5c\x57\x23\x0c\x5d\x72\x31\x55\xd8\xe4\x15\x66\xf6\x7a\
\x49\xe9\x33\xc5\x6a\xd4\x8e\x4d\xf1\xe5\x8e\x95\xd9\x95\xc9\x4a\
\xd7\x0c\xa5\x29\x62\x46\x32\xa8\x79\x57\x17\xd2\x50\x8d\x8b\x38\
\x57\x17\x8d\xd3\x19\xdb\x9e\x2b\xb7\x98\xca\xc6\x0b\x71\x8a\x48\
\x54\xca\xae\xdd\x56\xa0\xa1\xe8\xfe\x5d\x35\xe0\x15\x2e\xae\x01\
\x5f\x95\x1a\x23\x8f\xd2\x0b\xb0\x18\x99\xb0\x3b\xb8\x39\xd3\x7d\
\x16\x9b\xea\x35\x83\x24\x3d\x72\x26\x70\x26\x3a\xd1\xa1\x17\xd2\
\xab\x84\x45\xfe\xca\x6c\x79\x94\xe0\xe5\x3d\xa9\x47\xff\x00\x11\
\xdb\x84\x9c\x66\xcc\xb7\x0c\xf2\x6b\x47\xe8\x7c\xb1\xe9\x3e\xa2\
\x2f\xff\x00\x89\x97\xff\x00\x5d\x65\xe0\x9f\xf8\xa2\xcf\x13\xc3\
\xfd\x9e\x79\x71\x9c\x7b\x55\xa3\xf4\x31\xe2\xf4\xb3\x50\x2e\x3f\
\xb1\x67\x3f\xf5\xd2\xd5\x6f\xc7\x6a\x5e\x2a\x61\x17\xa3\xf2\xa3\
\x85\xfe\xaa\x81\xfc\x54\x8b\xb5\x37\x85\xfe\xa2\x86\x2e\x3e\xd1\
\xf0\xa0\xc5\x7e\x90\x5f\xed\x7a\x0f\xf0\xae\x7f\x9a\x35\x8d\x9b\
\xed\x7b\xeb\x5f\xfa\x44\xcc\x35\x7d\x9f\x94\x73\x6a\xe7\xf9\xa3\
\x58\xd9\x39\x73\xe3\x56\xa4\x59\xd3\xff\x00\x0f\x6f\xee\x95\x27\
\x52\xa3\xd3\xff\x00\x0d\x6f\xee\x95\x25\x14\x51\x45\x26\x31\x40\
\x75\xa1\x4a\x5c\xf3\x29\x28\x13\xdf\x45\x19\xa2\x82\x8f\x06\x98\
\x70\x69\xee\x3e\xce\x4c\xb1\x3d\xfb\x1c\xbc\x2a\x2d\x87\x00\x1b\
\xf4\x03\xbb\xf3\xa9\xcc\xe4\xff\x00\x05\xfc\x6a\xbb\xcd\xf3\xfc\
\xab\xa4\x63\x5a\x36\x4b\x8e\x6f\x2f\xce\xa1\xd4\x49\x2c\x4e\x38\
\x1c\xa3\x94\xdc\xf0\xcf\x75\x4b\x2e\x5f\xef\xc6\xa0\xd4\xed\x6a\
\x7f\xef\xad\x32\xd6\x96\x2b\xf6\x9b\xbc\x7c\xa5\x4d\xd2\x49\x8e\
\xaa\x58\x79\x9f\x4a\x77\x69\xf3\x87\x94\xa9\x9a\x51\x75\x52\xc1\
\x97\x0f\xd2\xb1\x3a\x57\x77\xf5\xad\x46\x10\xbf\x30\x58\xbb\x21\
\x97\xbf\x6a\x6f\xaf\xbb\x9c\x97\x6e\x73\x91\xf6\xde\x55\x1e\x0c\
\xb9\x43\x78\xfc\xa8\x65\x13\x9c\x83\x75\xf8\xd1\x3c\x61\x78\xe4\
\x9b\xca\x4e\xc7\x39\x3d\xfe\x74\x8e\x38\xb7\x0e\x6f\x3d\xfa\x53\
\x49\x45\x00\x97\x40\xd8\xcf\x2e\x74\xac\xe3\x9c\x84\x9d\xd7\x18\
\xef\xab\xdc\x5e\x11\x6a\xc0\xd2\x5c\x40\x3d\x93\xa7\x8d\x72\xab\
\xab\xab\x57\x45\x73\x10\x90\x60\x32\x9b\x18\x6b\x95\xd6\xb3\x65\
\x9d\x90\x1b\x52\xd2\x52\x9d\x2a\x29\xd1\xa9\xed\xd4\x11\xa9\xed\
\xd0\x5b\xb7\xc8\xa9\x4e\x55\x15\xbe\x55\x29\xca\x81\xd4\x51\x45\
\x01\x45\x14\x50\x1d\x69\x69\x02\x96\x80\x39\xd2\xd1\x40\x65\xa0\
\x49\x7d\xbb\x7f\x79\xfa\x35\x16\xbb\xf7\x96\x7c\xa5\xf8\x54\xb2\
\xfd\xe5\xbf\xbc\xfd\x1a\x8b\x5e\xe2\xe5\xa7\xba\x32\x7e\x95\x67\
\x62\x09\x10\xe2\x59\x5f\x4d\xf9\x08\x62\x88\xca\xc9\xb1\x39\xcb\
\xcb\x7a\xd5\xe9\x7d\x0e\x95\xcb\x30\xbb\x2d\x45\x98\x13\x89\x2d\
\xad\xab\xb8\x3e\x1d\xf5\x7a\x1e\x88\x69\xa2\x9c\x7a\xab\x92\xef\
\xe1\x88\x7e\x2d\x6e\xf4\xcb\x0f\x1e\x04\xcf\xa9\xb9\x27\xc7\x38\
\xfa\x55\x8d\x21\xed\xc9\x8e\x9c\x36\xc6\x5c\x7e\x75\xba\xb5\xe8\
\xb7\x66\x45\x38\xcb\xb3\xc7\x7c\xf1\xf8\x15\x7b\x4f\xd8\x5d\x97\
\x6f\xec\x69\x23\x2f\x35\x97\xe2\xd4\x2b\x03\x18\xdc\x4d\xa1\x03\
\x77\x9d\x3e\x16\xaf\xcd\xc4\x51\x7b\xa3\x15\x6b\xd2\x21\xa1\xd2\
\x58\x32\x69\x6c\xdb\x3b\xd8\x07\xcd\x0a\x8e\x7d\xa3\xd9\xda\x65\
\x27\xab\xd2\xdb\xc6\xd8\xf5\x91\xc9\xee\x16\xac\x90\x61\x2c\xf6\
\x56\xbe\xe0\x70\xd8\xd4\x23\xdd\x6d\x3e\xb5\x6a\xd7\x60\xf6\xa4\
\x8c\x47\x4d\x23\x29\xf6\xe4\x1f\x8d\x69\xef\x7a\x4b\xd9\x36\x4c\
\xba\xa9\x5c\xcf\x22\xdd\xa9\x49\x7e\x41\xf3\xaa\x17\x7d\x30\xd1\
\xc6\xe6\x6d\x69\x75\x77\x41\x1d\xe3\x18\x0f\xc6\x4f\xd2\xb7\x8f\
\x1d\x33\x97\x4c\xa7\x6c\x69\x35\x1a\x1d\x57\xa8\xd5\x46\x31\xb9\
\xea\xc9\x62\x32\x24\x03\x9c\x6e\x75\xd9\xac\xd5\xb3\x3a\x39\x3d\
\xc9\xf5\x6b\x59\xdb\xda\xb9\xf6\xcf\x68\xcb\x55\x6a\xc7\xaa\x3d\
\x59\x02\x33\x9f\x12\xe3\x3d\xc7\x8d\x65\x78\x1b\x7a\x7b\x90\x77\
\x09\x06\x4e\x4a\x2e\x6b\x79\x39\xe1\x6d\x93\xcb\xb4\xda\x67\x16\
\x2d\xbf\xde\x5a\xf5\x2e\xcc\xf4\x7b\x41\x73\x43\xa7\xb9\x38\xdd\
\x9b\x2b\x51\x93\xed\xb8\xcb\x11\x79\x78\xd7\x95\x59\x90\x59\x88\
\xf4\x56\xb6\x30\x6e\x4b\x49\x61\xbd\xda\x2b\x16\xd9\x88\x37\x64\
\xe0\x00\xc6\x07\x06\xdf\x4a\xe1\x26\xdd\xad\x91\xb1\xd3\x76\x4f\
\x64\x59\xbd\x1f\x5b\x62\xc8\x67\x7f\x5b\x3d\xb1\xe3\x96\x99\x2d\
\x5f\x61\x69\x99\x25\xdd\x14\x70\xb8\xe1\x09\x3c\xfc\x06\xb1\xe5\
\xad\x04\x64\x32\xbd\x3b\x9d\x5e\x0b\x47\x7f\x45\xf0\xa1\xbd\xa4\
\xb6\xb9\xb3\x76\x47\x20\x9d\xce\x13\x9a\x74\xf1\xc5\x56\x7c\x9a\
\xd9\xfa\x49\xd9\x76\x8c\x5b\x95\xc9\x78\x42\xca\x0f\xbd\x02\xaa\
\x4f\xd3\x3d\x3c\x6e\xfe\xc7\x45\x7e\xe8\x64\xcc\xae\x46\x26\x71\
\xe6\xb5\x97\xbb\xda\x10\x63\x8b\x3a\x4b\x10\x31\x9c\xa3\x25\xdb\
\x3d\x7c\xbe\x75\x5f\x53\x72\x77\x25\x16\x64\x0c\x66\x21\x18\x80\
\x61\xf0\xad\x63\x26\xd3\x2d\xd9\xa4\xbd\xbb\x76\xe7\x69\xcb\x5d\
\xab\xe1\x85\xa2\x76\xc4\x81\x26\x48\x18\xe6\xe0\x3a\x56\x4a\xda\
\xfe\xb3\x6f\x20\x62\x43\xf3\xcd\x69\xee\x1f\xfd\x37\x54\xf7\x5b\
\xfc\x6b\x2d\x6d\xc5\xd8\xaf\x7d\x5f\x92\x1f\x1c\xd4\xd3\x5d\xe8\
\xde\xa2\xec\x34\xda\x82\xde\xba\x5a\x61\xb8\x29\x19\x23\x27\x7d\
\xf6\xdf\xe7\x5d\x1b\x91\xd1\xc9\x65\x77\x51\x7a\xfc\x9d\xf3\xc0\
\xa2\xf5\xcb\x25\xac\xe7\x62\x5c\x23\x66\xf0\xe7\x2c\x8e\x5e\x4d\
\x74\x65\x7a\x4e\x43\x07\x3e\x5c\xf9\xd6\x22\xdc\x6e\xdd\x2b\xf7\
\xf4\x56\xa3\x1e\x1d\x3c\xe5\x2c\x00\xca\xe0\x1f\x00\xaa\x37\xae\
\x71\xce\x2c\x20\x5a\x13\xec\xc6\x4a\x2e\x79\xab\xe7\xf2\xa8\xee\
\xb9\x62\xe7\xf9\x4c\xbf\x1a\x57\x1e\xc7\x5d\xbf\x2a\xd6\x37\x94\
\xb8\xea\x39\xfe\x94\x2f\xfc\x47\x4b\x95\xda\x1f\x89\x4c\xec\x99\
\x70\xf6\xb5\xb4\x71\xb4\xb7\xcf\x83\x4e\xf4\xaf\xd9\xed\x0d\x37\
\xf8\x7f\x89\x50\x76\x42\x4f\xb4\x6d\xab\x83\x12\xf1\xe4\x7f\xad\
\x4c\xff\x00\x66\xe7\x4d\x06\xa2\xf8\x4c\xe1\xdd\xc7\xba\xab\xc6\
\x4a\xcd\x7a\x8d\x4b\x72\x0c\xee\xe2\xdd\xbb\x97\x1c\x72\x0c\xd3\
\xa5\xa3\xd4\xdb\xb4\xdc\xb9\x64\xb5\x10\xcb\xc6\x99\x7c\x85\xcb\
\x4c\x65\xa9\x6c\x52\xed\xd7\x1d\x95\xa5\xff\x00\x13\xfe\xd6\xa8\
\xf6\x64\x99\x6a\xb0\x26\xf1\x4c\xaf\x95\x74\x3d\x20\x3f\xfa\x56\
\x93\x0f\xfc\xde\xe0\x3e\xcb\x5c\xcf\x47\xa5\x17\x5a\x33\xb6\x5c\
\x88\x4b\x31\x64\x86\x76\x0d\xcd\xf9\xb5\x73\x4c\x5d\x56\x31\x0c\
\x4a\xe1\x97\x7c\x06\x5a\x96\xf6\xfd\x95\xab\x96\x1f\xb0\xe3\x26\
\x3a\x55\x93\x53\x28\xfe\xe6\xd5\x9b\x43\x83\xd8\xb6\x2f\x4e\xae\
\x5e\xb5\x0e\xaf\x8a\x7d\x9d\xac\x9c\xe4\xca\x4c\x55\x5e\x6b\xc3\
\x49\x24\x85\xb6\xb3\xfd\x9b\x2c\xfa\xc8\xf7\x63\xea\xd5\xea\xe7\
\x76\x4e\xf7\x2f\xbd\xd8\x3e\x6d\x74\x6b\x9d\xed\xa9\xd0\xa7\x53\
\x4a\x77\x5a\x8a\x33\xb7\xba\xa1\xf4\x79\x0e\xcd\x99\xcd\x6e\xcb\
\x00\x65\x76\x2a\x6c\x18\xf7\x54\x3e\x8f\x5d\xb9\x6f\xb3\x26\x42\
\x4c\x73\x76\x59\x4d\x9e\x47\x5a\x07\xfa\x4c\xff\x00\x67\xb3\x91\
\x3f\x6c\x38\x4d\xf9\x57\x64\xe0\x2d\x60\xb9\xc5\x2e\x2c\xb1\x23\
\x80\xf7\xbc\xda\xe3\x7a\x4a\x3f\xab\x69\xd7\xad\xd3\x39\xf2\xae\
\x9d\xab\x96\xe5\x29\xc2\x32\x65\x28\xcb\x0e\xd8\x0e\x5b\x65\xa5\
\x14\xbd\x19\x9b\x1b\x1a\xd0\x8c\x5c\xea\x10\x53\x29\xb7\x4a\x5b\
\x32\x23\xe9\x3d\xd6\x49\x13\xf5\x53\x77\xcc\xa8\x3b\x0a\x57\x23\
\x0b\xf1\xb6\xa1\x2d\x4c\x89\x21\x97\x18\x3a\xd4\xd6\x34\xff\x00\
\xac\x7a\x49\x76\x12\xb9\x1b\x43\xa6\x16\x72\x76\x30\x8e\xff\x00\
\x0a\x48\xa5\xbb\x70\x87\x6f\xda\x98\x64\x34\xd2\x03\x97\xf3\x56\
\x97\xd0\x89\x67\xd2\xed\x43\xff\x00\xf0\x7f\xef\x2b\x3a\xb1\xb7\
\xdb\xf6\xee\xf0\x46\xfc\x21\x62\x78\x1e\x52\x38\xb0\x3f\x1d\xeb\
\x47\xe8\x34\x66\xfa\x53\x7a\xe4\xa2\xc5\x96\x89\x41\x31\xb3\x33\
\xa7\x75\x2c\x1b\xec\xb4\x66\x97\x87\x0e\x3a\xf7\x14\x9c\x2a\xef\
\xb1\xe1\x50\x0c\xb1\xb6\x72\xf7\x14\x65\x79\xb8\xf2\xa4\x9b\x1b\
\x71\xcc\x90\x3b\xfb\xff\x00\x3a\xa9\x72\xfd\xcb\x92\xe1\xb2\x26\
\x76\xe5\x95\xfc\xa8\x32\x3f\xa4\x89\x1f\xad\xf6\x70\x26\x4b\x77\
\x32\x1c\xf9\xc6\xb1\xd9\xcb\x5a\x8f\x4f\xed\x96\xf5\x5a\x01\x94\
\x59\x70\x5c\xe2\x22\x72\xde\x3c\xde\xad\x65\x73\x56\x8b\xda\x6f\
\xe1\xad\xfd\xd2\xa4\xa8\xb4\xdf\xc3\x5b\xfb\xa5\x4b\x44\xd0\xa4\
\xa1\xce\x68\x77\xa2\x8a\x4a\x5a\x28\x12\x8a\x5a\x28\x28\x96\x35\
\xb2\xcb\x1d\x3d\xcc\x11\xdf\xd9\x76\x8f\xc3\x97\x3a\xaf\x99\x39\
\x73\x03\x7e\xe5\xee\xff\x00\x4a\xb7\x09\xdc\xbf\x29\x7a\xcb\xb7\
\x65\x8b\x52\x91\x9b\x8f\x33\x97\xbb\x7e\x55\x51\xe7\xef\xfc\x4a\
\xeb\x7c\x6d\xe1\xce\x79\x4e\xcd\x96\x53\xed\x06\xdd\x23\xe7\xdf\
\x50\x6a\x21\xfb\x09\xc9\xb9\xb8\x87\x0a\x6e\xf8\xf2\xe5\x53\x4b\
\x97\xbb\xf3\xa8\x75\x3b\xda\x9f\xfb\xeb\x59\xca\x70\xd4\x56\xed\
\x3e\x70\xff\x00\xaa\x8d\x13\x13\x57\x26\x62\xe0\x37\x1e\x47\x5f\
\x95\x2f\x6a\x18\x61\x9e\xe9\x7e\x15\x1e\x97\xf8\x89\xf9\x35\x99\
\x74\x58\xd0\x70\xe8\xe1\x70\x89\xa4\xba\xab\x1c\x13\xba\x0e\x1c\
\x60\x70\x75\xef\xa7\xc6\x76\x9b\xad\xb8\xe8\xad\x71\x0c\x85\x94\
\xe4\xf2\xca\xf2\xee\xc6\xd4\xcb\xcf\xf6\xd1\x76\xde\xdf\xd0\xa2\
\x12\x23\xae\x93\x24\x0e\x2b\x9b\xbc\xb9\x35\xd2\xfc\x95\x9f\xc7\
\x36\x75\xbd\x4c\xa5\x6a\x73\x86\x9f\x4d\x1e\x08\xc6\x4f\xec\xf2\
\xee\xe3\xaa\xfb\xe9\x65\xac\xd4\x16\x89\xc6\x71\x88\xce\x51\xc4\
\x6d\xc4\xe8\x2f\x4f\x1a\xaf\x69\x23\x62\xec\x64\x84\xa5\x08\x00\
\xbc\xd1\x17\xe5\x44\xa7\x1f\x51\x18\x64\x24\x5c\x94\x9f\x24\x03\
\xe9\x53\xf2\x65\xf6\xbe\x10\x9d\xa9\xa8\xd4\x4f\x43\x28\xdc\xbf\
\x72\x71\x95\xb8\x49\x17\x6c\xbb\xf2\x3b\xab\x85\xd6\xba\xfd\xa1\
\x72\x33\xd2\xa0\xf2\xb7\x18\xa7\x89\xce\xb8\xfc\xab\x19\x5b\x6b\
\x52\x49\x0b\x4a\x74\xa4\x0a\x50\xac\xa9\xd1\xa9\xed\x3b\x95\x0c\
\x4a\x9a\xd1\xb9\x41\x6e\xdf\x2a\x94\xe5\x51\x5a\xe5\x53\x14\x0b\
\x45\x05\x18\xde\x80\xa5\xc5\x14\x50\x1c\xa8\xa2\x94\xde\x81\x29\
\xd4\x81\x4a\x1b\xd0\x36\x7f\xbc\xb5\xf7\x9f\xa3\x50\x76\x8b\x89\
\x5b\xfb\xb2\xfc\x2a\xc4\x8f\x6e\xdf\xde\x7e\x8d\x54\xed\x69\x70\
\xfa\xa4\xee\x95\x59\xd9\x5b\x1b\x7e\x96\x36\x74\xb6\xad\xdb\xec\
\xe9\x66\x36\xe3\x1e\x29\xea\x23\x11\x40\x33\x80\x5c\x6d\xdf\x50\
\x5d\xf4\xaf\x5d\x71\xfd\x9e\x9f\x4b\x05\xe4\x04\xee\x3f\x34\x3e\
\x55\xcf\xb7\xad\xb7\x6e\xdd\x96\xd6\x86\xce\x48\x91\x59\xef\xc4\
\xe0\xca\xf8\xfe\x75\x11\xad\xd4\x7b\x1c\x32\x84\x30\xb1\x12\x3b\
\xf8\xd7\x5c\xa7\x8c\x71\x99\x65\x7d\x2f\xbd\xb5\xdb\x97\x0c\xc2\
\xec\xe0\x22\x8d\xbd\x3c\x62\x21\xdc\xa3\x49\xeb\x3b\x62\x70\xce\
\xa7\x57\xa9\x44\xe2\x38\xef\xa0\x9e\x46\x2b\x9d\x2d\x4e\xa2\xe1\
\x08\xce\xfc\xd0\xcc\x40\x71\x80\xe8\x7c\x2a\x38\xdd\x92\x44\x55\
\xc8\xee\xab\x52\xdd\xc5\xd6\x6e\x94\xf4\xb0\x46\x5a\x8d\x55\x93\
\x09\xf6\xa4\xc9\x73\xe6\xf4\xa8\xa4\xe8\x6d\x89\x0d\x4c\xe7\xed\
\x61\xe0\xb6\x02\x63\x99\xef\xaa\x0a\xb1\xca\x67\xd8\xce\x5f\x3a\
\x5c\xa4\x9c\x3f\xcd\x1f\xa5\x49\x57\xc6\xfd\xac\x71\xe9\x97\x6b\
\x57\x67\x34\x4c\xca\x5b\x09\xd7\x1e\x15\x57\x89\x71\x95\x5d\xba\
\xf3\xe5\x52\xdb\xe7\x6c\xe9\xed\xd4\x3d\x0f\x77\xe1\x5a\xc4\xf1\
\xd2\x6d\x32\x93\x8b\x17\x09\x94\x4e\x66\xcd\x70\xae\xab\x0b\xc2\
\xb8\x27\x9c\x7b\xda\xef\x69\x39\xaf\x74\x5f\xa3\x5c\x0b\x9f\x66\
\xff\x00\xdf\x3e\xad\x75\xcb\xa6\x67\x68\xe1\x2c\x42\x47\x70\xfd\
\x6b\x49\x0b\xc4\x6c\x40\x07\x68\x79\x7f\x29\x59\x98\xef\x09\xf9\
\x7e\x25\x68\xa1\x15\xb3\x1c\x0b\xec\xe3\xff\x00\x69\x5e\x69\xc3\
\xaf\x67\xce\xf4\xd6\x58\x71\xcf\x97\xba\x9a\xe5\x96\x57\x2e\x7a\
\xfd\xea\x5e\x05\x65\xb8\x65\x71\xbf\x7e\x3b\xbc\x9a\x59\x70\xc5\
\x59\x48\x37\xc8\x72\xeb\x9e\xfa\x6c\x33\x3e\xc6\x3c\x3f\xed\x6a\
\x6b\xbf\x68\x7c\x65\xf5\xa6\x66\x21\x82\x32\x76\xc6\xfb\x74\xc7\
\x5c\x77\xd4\x9e\xd4\xb0\xb1\x89\x95\x46\x4b\xbe\x79\xb8\x3c\x6b\
\x78\xcb\xbd\xb3\x97\x45\xba\x63\xb2\x35\x4b\xb6\x63\xf8\xd6\x4b\
\x38\x94\x5a\xd9\x6b\x71\xff\x00\x06\xd4\xc4\x91\x92\x1c\x83\x03\
\x58\xd7\x04\xa2\x1d\xf5\xaf\x91\x31\x76\xbb\x18\x8b\x6a\xe9\x29\
\x07\xb4\x60\xeb\xc9\xae\x9f\xb3\x9c\x46\x32\x93\xcf\x96\x3f\x2a\
\xab\xe8\xed\xc8\x5b\xb5\xa8\xe2\xd3\xc2\xf4\xb8\x84\xe3\x50\x00\
\x57\x63\x9f\x2a\xec\x3a\xdd\x44\x61\x22\xdc\xad\xd9\x08\x12\xc5\
\xab\x61\xb2\x86\x33\xcf\xad\x66\x63\x8e\xb9\xab\x6e\x5b\xe0\xcf\
\xd4\xb5\x77\x38\x5b\x7a\x66\x31\xc1\xed\x48\xc1\xf1\x71\x4d\x6c\
\xce\xcd\xe8\x42\xe5\xc8\xab\xbe\x2d\xa2\x1b\xbb\x29\x9d\xf6\xa7\
\x5f\x65\x3b\xd1\xf5\xb7\x27\x73\x32\x84\x56\x52\x5c\x88\xae\xd4\
\xdb\x11\x31\x6e\x40\x1b\x48\xdb\xce\xb7\x8d\xc6\x5e\x12\xcc\xbd\
\xb9\x1e\x98\x27\xfc\x42\xc6\x33\xfb\xa7\x39\x73\xd6\xa0\xf4\x6a\
\x72\x3b\x4e\xcc\xa2\x41\x7d\xb0\x26\x64\xfb\x3c\xf1\x52\xfa\x5c\
\xe7\xb4\x2c\xf8\x5a\x7e\xb5\x17\xa3\x47\xf6\xeb\x52\xee\xe3\xfa\
\x15\x8c\xaf\xfd\x35\x27\x0d\x35\xfd\x5e\xa2\x6c\x46\xfc\xc1\x0c\
\x90\xc4\x4d\xc5\xe4\x63\xba\xab\x01\x21\x5d\xd4\x77\x77\x7e\xc8\
\xfd\x5a\x7d\xe9\x46\x32\x8f\x14\x83\x01\xb7\x37\x61\x1f\xad\x2d\
\x81\x9b\x98\xdb\x93\x18\x99\x65\xc8\x0c\x07\xd2\x93\x2b\x6a\x6a\
\x48\xa7\xe9\x11\x8e\xcd\xd2\x9d\xd7\x7f\xed\x6b\x95\xe8\xe0\x7a\
\xd9\x49\x43\x04\xb9\xf9\xc5\xae\xaf\xa4\xc8\xe8\x74\xc0\x9b\x5d\
\xe8\x3f\xd2\xf5\x6b\x9b\xe8\xdf\x0c\x78\xa5\x3b\x65\xc0\x64\x70\
\xaa\x19\xf6\x7b\xaa\xe6\x63\xc3\xb6\x4a\x26\x03\x32\x73\xca\x26\
\x7f\xdf\x2a\x93\x55\x16\x3d\x91\xa9\xe2\x18\xc9\x83\xb3\xb3\x8c\
\x3d\x3c\xa9\xbf\xae\x5d\xfb\x36\x48\x5a\x39\x7b\x11\x07\xe3\xce\
\x97\x5d\x25\xec\xcb\xea\xaa\xc1\x55\x72\xf2\x77\xa9\x89\x76\xcd\
\x76\x49\xed\x6a\x5e\xe6\x3f\x56\xba\x15\x43\xb2\x4c\x1a\x9f\x38\
\xfd\x5a\xbc\x35\x8b\xda\xce\x8a\x6d\x4e\xa6\x8d\x2d\x45\x2e\x76\
\xc7\x85\x55\xec\x76\xe4\x7b\x31\x2d\x21\xfb\x69\x65\xc0\xbc\x8e\
\x55\x67\xa3\xe5\x56\xbd\x1c\x96\x9b\x4d\xd9\x57\xee\x6a\x23\xc6\
\xc6\xee\x63\x16\x58\x17\x07\x4e\xb5\x45\x4f\x48\x73\x2d\x26\x9d\
\xca\xbe\xb6\x3b\xbe\x59\xae\xdc\xb4\x56\xf4\xb0\xf5\xb3\xbf\x1f\
\x59\x7a\x42\x5b\x1c\xae\x51\xcb\xdd\x5c\x6e\xd9\xbc\xea\xe1\x62\
\x6c\x08\x92\xbf\xf6\x62\x6c\x01\x8a\xeb\xd8\xd1\xcb\x51\xae\x8c\
\xaf\xdd\x40\x90\x00\x6e\x07\x23\xbb\xde\xd4\x1c\xfe\xc1\xd5\x5c\
\xd1\x68\xf5\x72\xb1\x08\xb3\xbb\x7d\xe1\x58\xe5\x03\x9a\x77\x53\
\xed\xe9\xe5\x2e\xd7\xbc\x5d\x18\x32\xd3\x43\x67\x98\x64\x5f\x2a\
\xe9\xfa\x3f\xd8\x7a\xe9\x42\xf4\x4d\x3c\xad\x44\xbc\xa4\xa7\x90\
\x4e\x89\xd5\x2b\x5f\xa5\xec\x2d\x1d\xad\x44\x75\x57\xed\x46\xee\
\xa7\xd5\x90\x64\xe5\x30\x6e\x18\x76\xf7\xd0\x65\xf4\x7e\x8f\x6a\
\x2f\x6b\xac\x5e\xd2\xc4\x6c\xfa\x99\x42\x73\x9c\xb9\x49\x72\x18\
\xe6\xfb\xab\x63\xd8\xfd\x8f\x6b\x45\x7c\xd4\x48\x25\xa9\x6d\x7a\
\xa6\x62\x87\x0e\x73\x8c\x72\xe7\xd7\x9d\x5d\x8c\x63\x18\x91\x8c\
\x40\x0c\x00\x63\x14\xf2\xe4\x6d\xf4\x57\xb8\xe7\xcb\xe5\x43\x6b\
\x44\x40\xe4\x1d\xf9\xa8\x6e\x6a\x20\x09\x03\x2f\x7e\x32\x7f\xad\
\x43\x3b\x97\xae\x38\x62\x9d\xd1\x0c\x9b\x34\xe6\x31\xb4\x0d\xd8\
\x93\x9a\x6d\x00\xd8\xf3\x7d\xdf\x5a\x69\x4d\x2d\xca\xe0\xdc\x9d\
\xc4\x88\xef\x29\x1b\x79\x07\x56\x89\x4a\x24\x78\x6d\x24\x47\x9a\
\x9e\xd3\xcb\x9b\xd0\xdf\x91\x49\x2b\x93\xbb\x23\x31\x24\xf2\x00\
\xf9\x07\xfb\xdb\x1e\x75\x6e\xc6\x9e\x30\x49\x4c\x8f\x11\xdd\xb8\
\x7c\x79\xbe\x34\x1e\x79\xfa\x47\xb5\x2b\x7a\x8e\xcd\x65\x83\x8a\
\xdd\xcc\x18\xc3\xce\x35\x8e\x1d\xeb\x71\xfa\x54\x7f\xb5\x76\x5f\
\xf8\x77\x7e\xb1\xac\x28\xef\x41\xd1\xd3\x7f\x0d\x6f\xee\x95\x2d\
\x45\xa6\xfe\x1a\xd7\xdd\x2a\x5a\x26\xc5\x23\xb5\x09\x45\x14\x51\
\x45\x21\xce\x81\x68\xa2\x8a\x0a\x16\x66\x5b\x94\xd9\x3c\xed\x31\
\x31\xbe\xef\x2a\xaf\x24\x1d\xd8\x86\x73\xcc\xf0\xfc\xaa\x66\x1a\
\x41\xe5\x7a\x79\x32\x64\x03\x3e\xf5\xda\xa2\x70\x38\x00\xdf\xa0\
\x78\x7e\x75\xac\x6d\x67\x7b\x47\x29\x47\x1b\x48\x76\xe8\x2f\x7d\
\x43\xa9\x7f\x65\x20\x25\x94\xee\xc7\x5a\x9d\x92\x9c\xde\x5f\x9d\
\x47\xa9\xe2\x34\xb3\x10\x05\x1e\x5b\xaf\x9f\x75\x5b\xbd\x2a\xb7\
\x6c\x18\x6d\xf9\x4b\xf0\xa6\x68\x4c\xea\xa7\xcb\x97\x5f\x1a\x97\
\xb6\x8c\x4a\xd7\x94\xbf\x0a\x83\x4b\xb6\xa6\x7e\x5f\x85\x60\xb1\
\xdc\xf5\x17\x45\xe3\xbd\x6a\x3b\x82\xb3\x1c\x6d\xe6\xf2\xa4\x6c\
\xdb\x0f\x6b\x54\x67\x73\x11\x8a\xfe\x07\x3a\x8c\xd9\x40\x0d\xe3\
\xca\x8c\xab\xba\xf3\x95\x38\x4d\x5b\xed\x27\x06\x94\xce\x67\x76\
\x5b\x0e\xc0\x75\xdf\x9b\xf0\xa3\x3a\x61\xc1\x62\x4e\xe9\xed\x4f\
\x1e\x5c\x8a\x8b\x1e\xcf\xb8\xfa\xd2\xa2\xcb\x61\xe6\xbc\xbc\x28\
\x78\xff\x00\x4c\xd6\xdc\x8c\xb4\x57\x23\x1b\x16\xe1\x90\xdc\xca\
\x9b\xf4\x56\xb9\x38\xcd\x74\xf5\x43\xfa\xac\xf2\x63\x68\x9c\xfc\
\x6b\x9f\xc3\xb5\x2a\xea\x43\x31\x4e\x06\x9c\x47\xba\x9d\xc3\x51\
\x4d\x07\x35\x3d\xa3\x09\x4c\x23\x8a\x96\xd9\xbd\x05\x8b\x66\xc5\
\x4c\x1b\x73\xa6\x40\xd8\xda\xa5\x03\x14\x08\x14\x61\xa7\x62\x8c\
\x50\x20\x77\xd2\xe2\x96\x8a\x04\xa0\x29\x79\xb4\xb8\xa0\x6e\x29\
\xd8\xa3\x18\xa2\x81\xb3\xfd\xe5\xaf\xbc\xfd\x1a\xa1\xdb\x4e\x23\
\x6b\xc9\xab\xf3\xfd\xe5\xbf\xbc\xfd\x1a\xe7\xf6\xe3\xec\xda\xf7\
\xd5\x9d\x8e\x95\xb3\xf6\x56\xb6\xeb\xf8\x14\x91\xca\xc7\x1f\xd4\
\xd3\xad\xef\x6a\xd7\x99\x8f\x81\x49\x18\xb9\x8b\x87\x69\x2e\xfd\
\xdd\xf5\xd7\x3a\xc6\x3c\x90\x37\x87\xde\x79\x52\x47\x76\x3e\x52\
\xa5\x89\x86\x39\x4d\x95\xc1\xbf\x3e\x5c\xba\xd1\xec\xc5\x38\x9e\
\x43\xcd\x03\x7f\x3a\xe6\xd5\x84\x77\x8b\xfe\x1f\xe3\x4b\x8f\x69\
\xfb\xd1\xa4\x27\x14\xf6\x62\xc8\xc0\x6c\x2e\xdf\x22\x96\x32\xb9\
\x29\x62\x31\xdd\x76\x32\x65\xf7\x02\xd5\x9b\xbd\x42\xea\x1f\x6c\
\x73\x0d\x9d\x99\x67\x6e\x59\xe5\x4b\x66\xd2\xc3\x78\xe7\x7e\xbe\
\xea\x7d\xbd\x1e\xae\x47\x1f\xaa\x99\x12\x39\xe2\x63\x80\x0e\xb9\
\x93\xf8\x51\x64\x8b\x1d\xd9\x48\x5e\xaf\xe1\x5d\x26\x39\x63\xdb\
\x1b\x97\xa3\xed\xdb\x2d\xc2\x4e\x43\x02\xee\xf8\x56\x6a\xe2\x30\
\xbe\x9c\x99\x98\xdb\xc5\xad\x65\x92\x31\x8b\x98\x01\x87\x21\xcd\
\x30\xf2\x6b\x29\x79\x1b\x77\x80\xc2\x5c\xca\xf7\xee\xe2\xb7\x7a\
\x67\xda\x08\x19\x84\xf7\xc6\xdf\x89\x5a\xcd\x3f\x67\xea\xee\x58\
\xb7\x26\x24\x2d\xb0\x12\x52\x48\x98\xc1\xde\xbf\x4a\xc9\xc5\xc5\
\xa9\xbf\xef\x9d\x69\xe3\x15\x8b\x19\xca\x52\xe1\xb4\xa6\x5e\x58\
\x80\x9f\x36\xb9\x61\x71\x9d\xb7\x94\xca\xf4\x9d\xd1\xe9\xad\xbf\
\xda\x75\xd0\x70\xef\x18\x66\x6f\x3c\x78\x1f\x2a\x79\x2d\x05\xb1\
\x2d\xd8\xbd\x7b\x18\xcb\x29\x10\x37\x53\x70\xdf\x9e\x2a\xb3\x10\
\x84\x50\x0c\xce\x63\x83\x98\x31\xdb\xe6\xd4\xb3\x12\xe6\xa3\x3b\
\x7b\x67\xff\x00\xe4\x6b\x5f\x92\x4e\xa3\x3f\x8f\xee\xa7\xb7\xab\
\xb9\x19\x05\x8d\x3e\x9e\xce\x62\xcc\x48\xf1\x38\xe1\xcf\x37\xca\
\x9b\xa8\x6e\x5f\x95\xbb\xb7\xae\x33\x71\x20\xcf\x40\x71\x8a\x8e\
\xdb\x9b\x90\xff\x00\x03\xfe\xc6\xac\x70\xe6\xd5\xbf\x39\x7f\x9a\
\x9e\x76\xf6\xbe\x12\x2b\x6b\xc4\xec\x9d\x41\xd3\x86\xb1\xd8\xcd\
\xc8\x9d\xe9\xf5\xad\xa7\x69\xc5\x3b\x27\x50\xe3\x07\x0f\x5e\x55\
\x8d\x80\x37\x61\x8f\xea\x3e\xb4\xcf\xa3\x1e\xda\x1e\xc7\x8f\x0c\
\x6f\xa7\x7c\xcf\xfd\xb2\xae\x8a\x2c\x1c\x1c\xec\x81\xe7\x92\xaa\
\x76\x4d\xbb\x93\x85\xc2\xd5\xb6\x6b\x76\x46\x41\x70\x65\x3a\x15\
\xd1\x96\x9a\x51\x8e\x75\x17\xed\xd9\xf0\xce\x5f\x81\x97\xe6\x57\
\x2d\xb5\xe5\x21\x50\x5e\x29\x26\x38\xa3\x21\x5c\x64\x0a\x75\x98\
\x47\x86\x31\x19\x48\x8e\x4c\x86\x33\x97\x3c\xf9\x53\xe3\xfa\xa4\
\x31\xc3\x19\xde\x71\xce\x4f\x09\xf8\xbf\x3a\x59\xcc\x9a\x24\x23\
\x00\x1d\xa3\x90\xef\xdf\xbd\xad\xe1\xdb\x36\xda\xcd\xfa\x58\x27\
\x68\x5a\xc9\x83\xd5\xb8\xdf\x3d\x69\x3d\x1b\x2d\x97\xad\xb7\x49\
\x70\x62\x79\xe1\xc6\x5e\x58\x37\xa5\xf4\xa8\xc6\xb6\xc7\xf8\x7f\
\x8d\x2f\x60\x1b\x5b\x4e\x9c\x7f\x58\xd3\x3f\xd9\xac\x7a\x68\x5b\
\xf6\xa1\xfb\x9d\x3c\x07\xa3\x3f\x69\xf8\x72\xf9\x53\x5b\xf7\xa6\
\x62\x77\x24\xc5\xfe\x53\x60\xf7\x1b\x53\x63\x6e\x52\x76\x1c\x77\
\xbc\xaa\x42\x31\x80\xb3\x97\x23\x2e\x37\xc1\xe3\x53\x19\xcb\x3a\
\x91\xcc\xf4\x85\x5d\x15\x93\x2e\xd7\x71\xff\x00\xb5\xaa\x3e\x8e\
\xc1\x91\x30\xc6\xec\xbf\xed\xab\xbe\x90\xc8\x74\x96\x22\x0e\xd7\
\x07\x2b\xfd\xd6\xaa\x7a\x3f\x11\x8c\x87\x06\x59\x73\x50\xfe\x5e\
\xea\xd6\x74\xc5\xd8\x84\x6d\xc2\x58\x67\xc5\x25\xc0\x44\xcf\xce\
\x93\x5b\x70\x7b\x3e\xf4\x63\x10\x12\x42\xae\x79\x0f\x26\xa5\x8d\
\x89\x66\x1e\xca\x0b\xb6\x4c\x0f\x91\xcd\xa6\xeb\xf4\xd7\xac\xf6\
\x7c\xe5\x76\x12\x8c\x6e\x93\x94\x19\x18\x53\x96\x71\xef\xad\x63\
\x27\x8e\xd9\xb9\x5f\x2d\x33\x1a\x19\x30\x8e\xa1\x1c\x66\x51\xdf\
\xde\xd4\xde\xbe\x47\x29\x8f\xc2\xb4\x1e\x80\x69\xe1\x3e\xd4\xd5\
\x46\x71\x8c\xc6\xd2\xe1\x04\xfb\x5d\xcd\x6d\xa7\xd9\x3a\x29\xfd\
\xbd\x25\x99\x79\xdb\x3f\x2a\xe3\x7b\x75\x9d\x3c\xa7\xf5\x8b\x87\
\x51\xf7\x53\xcd\x4d\xce\xb1\x8f\xc2\xbd\x32\x7e\x8f\x76\x5c\xfe\
\xd7\x67\xd8\x7c\xa0\x1f\x4a\x86\x5e\x89\xf6\x3c\xb3\xfd\x8a\x27\
\xdd\x92\x7e\x35\x0e\x1e\x73\xfa\xd4\xba\xc4\xf9\xd5\xbe\xce\xb3\
\x6a\xe6\x9f\x8a\xe0\xe4\x9a\x1d\x39\x85\x6d\x67\xe8\x67\x64\x48\
\xda\xdd\xc8\xf8\x46\xe3\xf8\xd5\xce\xce\xf4\x67\xb3\xf4\x23\xea\
\xed\xb3\xcc\xb8\x8f\x58\xf1\x26\xc7\x2e\xee\x54\x36\xcf\x3d\x85\
\x73\xb5\x74\x16\xad\x69\xb8\x2c\x96\xee\x13\x65\x28\xa8\x98\xc6\
\x3b\xd6\xb4\xda\x1e\xc3\xd2\xe9\xe6\x5c\xb8\xca\xec\xcd\xf2\xb8\
\x33\xe0\x57\x4e\x36\x88\xc4\x8c\x40\x0e\x81\x8a\x5e\x14\xa0\x58\
\xe0\xd8\x03\xb8\x29\xd2\xbb\x18\x99\x92\x1d\x37\xeb\xe0\x55\x79\
\xdd\x38\x7d\x86\x2f\x3d\xd7\x63\xf3\xa8\x25\x0b\x93\x93\x94\x92\
\xe7\x18\x47\x97\x3d\xbf\xdf\xba\x82\xcd\xcd\x52\xe4\x84\xa2\x1d\
\xf9\xdd\xfc\xa8\xb5\x6e\x53\xf6\x99\x44\x81\x95\x9a\xec\x61\xdf\
\xfd\xfd\x2a\x38\x58\x20\x71\x5c\x19\xcb\xa4\x0f\x1e\xf7\xfd\x9e\
\x74\x97\x25\x7a\xe3\xed\x46\x40\x63\x11\x04\x0e\x86\xdd\xff\x00\
\x3f\x2e\x74\x17\x5b\xde\xac\x61\xa7\x8a\x73\x19\xa8\xae\x31\x9c\
\x77\x1b\x9f\xe9\xce\xa3\xb7\x0b\xd3\x99\x10\x94\x77\xdd\x54\x0f\
\x37\xcf\xde\xfc\xea\x1d\x3e\x9e\x57\x9c\xc8\xe1\x81\xb6\x70\x65\
\xc3\xd3\xdf\xd7\x91\xd3\x2e\xf5\xd1\x84\x63\x6e\x1c\x30\x89\x18\
\x9c\x83\xeb\xe2\xf8\xd0\x4d\x66\x11\xb5\x1c\x0b\x25\xe7\x25\xdd\
\xfc\x8f\x03\xe7\x52\x71\x95\x5f\x89\x3a\xd3\x2e\x5e\x62\xf0\xc4\
\xe2\x9c\xbe\xcc\x4d\xb3\xe2\xf7\x07\x57\xf1\xa1\xb6\x27\xf4\xa7\
\x21\xd5\x76\x60\x3b\x96\xee\xfd\x63\x58\x61\xef\xad\x97\xe9\x2a\
\x3c\x3a\x9e\xce\x57\x8a\x4c\x2e\x2c\x93\x19\x73\x1f\x81\xdc\x56\
\x36\x94\x8e\x96\x9b\xf8\x6b\x5f\x74\xa9\x6a\x2d\x29\xfd\x96\xd3\
\xfd\xd2\xa5\xa2\x8a\x30\x51\x46\x33\x40\x8e\x31\x45\x14\x50\x14\
\x51\x93\xbe\x8a\x0e\x57\x37\x6f\xe9\xa6\xa3\xc5\x8f\x1f\xc4\xa7\
\x13\x8e\xca\x80\x98\x36\xcd\x38\xbb\x6e\x3b\xc6\x2a\xf7\xe2\xae\
\x37\x49\xff\x00\x86\xdb\xb6\xbb\xcb\x63\xbb\xbf\x9d\x47\xaf\x47\
\x4f\x20\xe4\x54\xa5\xe9\x5c\x50\x8f\x08\x75\x7a\xd5\x6e\xd1\x1f\
\xd5\x55\xc9\xed\x07\xcc\xab\x6e\xc4\x3d\xb0\x71\x36\xbc\x09\x7e\
\x15\x16\x92\x39\xbf\x25\xdb\x27\x5f\x2a\x9f\xb4\x3d\xa2\x3e\x04\
\xa9\x34\xd6\xf8\xa4\x86\x0c\xc5\xe7\xe5\x59\x55\xb9\x5f\xb3\x17\
\x79\xc4\xdc\x77\x97\x75\x46\xeb\x6c\x0f\xb2\x8f\x3e\x42\xf3\xa8\
\x23\xa5\x0e\xb0\x3c\xa3\x96\xa5\x8e\x9c\xc6\xec\xdf\x23\x14\xd4\
\x4e\x49\xfa\xee\x76\x85\xa9\xbc\x8d\xc0\xe5\x47\xaf\xd4\x4f\xec\
\xdb\x8c\x4e\xf9\x4b\x35\x2c\x6c\x99\xc4\x61\x97\xa0\xb9\xab\x76\
\x3b\x37\x5b\x7c\x3d\x4e\x9a\xe2\x3c\x92\xdb\x8f\x8a\x62\x92\x45\
\xdd\x73\xee\x17\x1b\x52\xe3\xb8\x3b\x72\x89\x83\x9f\x7d\x40\x44\
\xae\xde\xb3\xb0\xf5\xfa\x7d\x0d\xdd\x4e\xa2\x0c\x61\x00\x52\x52\
\x07\x98\x72\x1f\x1a\xe3\x52\xa1\x08\xe2\x80\xde\x96\x8a\x8a\x03\
\x2d\x4b\x0e\x65\x46\x73\xa9\x6d\x9b\xd0\x59\xb6\x6d\x52\x95\x1d\
\xbe\x55\x21\xca\x81\x4a\x31\xbd\x2e\x28\xa0\x28\xa2\x8a\x02\x8a\
\x28\xc5\x01\x4a\x14\x98\xa5\xeb\x40\xc9\x9e\xdd\xaf\xbc\xfd\x1a\
\xe7\xf6\xd9\x92\xd7\xbe\xba\x37\x3e\xdd\xbf\xbc\xfd\x1a\xa1\xdb\
\x5c\xad\x79\x35\x62\x55\xff\x00\x59\x32\x10\x03\x84\x22\x1b\xc8\
\x3a\x1d\x0c\xb4\xfb\x7a\x6d\x4d\xe4\x21\x6a\x4e\x79\x70\xc1\x4f\
\x8a\xe2\xaf\x43\xb4\x25\x6e\xcd\x97\x4d\xa4\xb3\x6f\x11\x21\xc6\
\x99\xe2\x40\xcb\xe7\xf9\xd4\x13\xd5\xeb\x2e\x5b\xb7\x29\x6a\x18\
\xc5\x93\x00\x8e\xc9\x83\x7a\xf5\x5c\x7e\x39\xdb\x8c\xb9\xdf\x45\
\x87\x65\x6a\x10\x6e\xce\x16\xe2\x8c\x86\x77\x3a\x1e\x05\x27\xea\
\xba\x0b\x3f\x6f\x56\x49\x4c\x85\xa8\x1c\xfb\xb3\xbd\x42\xc7\x36\
\xed\x5c\x9b\x29\x32\x94\x84\x92\xb8\xc7\x2c\x51\xc0\x16\xac\x31\
\x02\x52\x8c\xd5\xef\xc3\x8a\xcf\x9e\x13\xf5\x8d\x78\x65\x7b\xab\
\x2d\xfd\x0c\x32\xda\xd2\x4e\xea\x02\x4a\xec\x9e\x8e\xfb\x78\xd3\
\xff\x00\xe2\x1a\x98\xdc\x6d\xdb\xb7\x6b\x4f\x89\x80\x46\x26\x45\
\x3e\x9b\xd5\x4b\xe8\x5a\xb7\x8f\xff\x00\x1c\x73\xef\x6a\x4b\xa7\
\xf6\xff\x00\x2b\x96\xfe\x85\x4b\xf3\xe5\xe8\xfc\x73\xd8\x2e\x5f\
\xbf\x7f\x86\xf5\xfb\x92\x0e\x33\x19\xdb\xd9\xe9\x8e\xea\x4d\x3c\
\x52\x3b\x9c\xf0\xbf\x2a\x76\x92\x1c\x5a\xb5\x7a\x37\x7f\x1a\x92\
\xdc\x71\x13\xdd\xf5\x2b\x33\x2b\x6f\x35\x75\x27\x49\x22\x62\xdc\
\x9f\xee\xbf\x46\xb2\x57\x7e\xcd\xf0\xfe\xa3\xea\xd6\xb5\xda\xd4\
\x9e\x79\x1e\x5e\x4d\x64\xae\x67\x1a\x8c\x9f\xcc\x7d\x5a\xdf\xa6\
\x7d\xa3\xb7\x1c\xd9\x97\x8b\x8a\xd4\x11\x78\xae\x1c\xbf\x65\x2f\
\xf2\x15\x9d\xb1\x1c\xd8\x1e\xf9\xe2\xb4\x76\xcb\xd7\x22\x10\x82\
\xe0\x32\x82\xbd\x0c\xed\xee\xe6\xd7\x08\xeb\xb9\x3b\x27\x0b\xc1\
\x13\x1b\x93\x9b\x85\xc7\x36\x38\xfa\x34\xeb\x93\x89\x3b\x8b\x20\
\x27\x2c\x83\xb2\x7b\x5c\x47\x3f\x85\x48\x69\x25\x01\x75\x17\x61\
\x68\xea\x32\xdf\x9e\x1d\x8d\xfe\x74\xb6\xcd\x24\x64\x10\x27\x75\
\xdb\x28\x70\x9d\x4e\x7c\xdd\xf1\xd6\x8c\xf9\xfd\x19\x65\xcc\x8c\
\x45\x52\x24\x45\x31\x93\x18\xc7\xc1\xc7\x2a\xba\x46\x70\x8c\x59\
\xfb\x19\x32\x1c\x3b\xa6\x79\x99\xf1\xa6\xc3\x51\x28\xc7\xf6\x30\
\x85\xa3\x19\xcc\x4c\xbc\xb3\xcd\xdf\xa5\x3d\x9c\xa6\xe6\x72\x64\
\x8a\x65\x72\xf3\xad\x63\x39\x4b\x72\xaa\xbd\xac\xc5\xec\xcd\x40\
\xf1\x38\x87\x35\xcf\xcb\x95\x63\x6d\xe1\xbd\x6f\x19\xfb\x47\x3f\
\x32\xb6\x1d\xa8\x8f\x65\xea\x51\xfe\x5e\xee\xea\xc7\xd8\x16\xf5\
\xac\xff\x00\x51\xf5\x2b\x5f\x25\x5c\x5a\x6d\x0c\xe7\x0b\x17\x63\
\x19\xca\x31\x6e\xc9\x41\xc0\xe1\x79\xfc\x2a\x78\xc5\x94\xb6\x3a\
\xee\xfb\xca\x8b\x41\x69\x9d\xa9\xe0\x5c\x5d\x97\xd5\xab\xf1\xb7\
\x18\x19\x9c\x88\x9c\xf9\xf8\xd7\x3e\x1a\xd0\x84\x79\x7b\xaa\x68\
\x8b\x13\x03\xbf\x87\x95\x47\xeb\xa0\x21\x6a\xdb\x2e\x99\x79\x1e\
\xf6\x8b\x97\xa7\x2d\x44\x2d\x92\x08\xa2\xa6\x79\xbd\x31\xe0\x57\
\x4c\x25\xed\x9c\xac\xe9\xc0\xf4\xb3\xf8\xfb\x03\xcf\xd5\xbf\x5a\
\x7f\xa3\xf9\x85\xa8\x4a\x24\x54\xe3\xda\x4e\x0e\x71\xdd\x6a\x0f\
\x48\xa3\x8d\x7e\x9c\x0f\xe5\xc7\xfe\xea\xbb\xd8\x76\x96\x50\x81\
\x8d\xf8\xf1\x98\xf1\x6f\x93\xa7\x56\xb3\x95\xe5\x67\x4e\xaa\xdc\
\x9b\xbc\xd9\x1d\x48\x6d\x13\xde\xd3\x58\xe2\xd5\xce\x12\x2f\x2e\
\x59\x4f\x8f\x5a\xee\x69\xbb\x03\x59\xa9\xc4\xe7\x6a\x51\x89\xb9\
\x2b\xee\x31\xe5\x03\x7c\xf9\xe2\xad\x6a\x34\x5d\x9b\xd9\xb1\x8c\
\xb5\xb7\xcb\xd7\x49\x47\xf6\x79\x1c\x6f\xbf\xb2\x6c\x6d\xde\xb5\
\xaf\x8e\xc9\x58\xf9\x3a\xdb\x15\xdb\xe7\x16\x9a\xcb\x13\x39\xb9\
\xd1\xfe\xeb\x56\x7d\x0f\xd3\x59\xb9\xae\xe0\xd4\x5e\xf5\x36\xc2\
\x72\x67\xc4\x47\x18\x0d\xb2\x8e\x33\xf1\xa8\xbd\x2b\xd5\x5b\xb9\
\x71\xbb\x6a\x24\x21\xeb\xb1\x11\xc6\xc7\x0a\x74\xda\xab\x69\x59\
\xc7\x4d\x39\x5a\x52\x59\x43\x18\xcf\x4c\xf3\xa9\x9f\x6b\x85\xba\
\xe5\xb8\xbb\xda\xbd\x91\xd9\xa4\x8e\xcf\xb0\x5d\x98\x6f\x76\x6a\
\x0f\x8a\xbb\xbf\x22\xb3\x5d\xa5\xda\x57\x7b\x43\x49\x26\x6a\xc6\
\xdd\xa9\x44\x0c\x63\x96\x76\xc7\x3a\xa1\x0d\x25\xcb\xd3\x1b\xd7\
\x31\xbe\x71\xf6\x9a\xee\x68\x74\xf6\xe1\x6a\x45\xb3\x37\x18\xa1\
\x39\x61\x4c\x98\xc0\x72\x1f\x1a\xcc\xca\xc8\xb7\x19\x6e\xd0\xfe\
\x8d\x46\x5a\xdb\xec\x8c\x4b\xd4\x65\x1e\x99\x95\x7a\x17\x0f\x85\
\x64\x3d\x06\xec\x5d\x77\x67\x6a\xef\xde\xd6\x58\xf5\x50\x9d\xa2\
\x31\x59\x0a\xbc\x59\xe4\x39\xe5\x5b\x4e\x15\xf0\xfa\xd4\x69\x13\
\x10\xe9\x4a\x45\x7a\x27\xd6\xa5\x22\x06\xc1\xf8\xd2\xe2\xa0\x84\
\x80\x72\xeb\x4f\x22\x63\xa5\x3e\x5c\x31\x33\x24\x0e\xfa\x8a\x77\
\x19\x6d\x0f\x64\xce\x33\xd5\x7f\x0f\x23\x2f\x95\x02\xce\x44\x0d\
\xc5\x71\x9c\x1f\x8f\x75\x57\xb8\xca\x7b\x3b\x61\xc6\x0e\xff\x00\
\xc7\xfd\xec\x73\xa9\x46\x4e\xd1\x94\xb7\xd8\x0c\xb9\xf2\x3a\xfc\
\x7c\xda\x96\x30\xe0\x09\x5e\x97\x3c\x84\x4c\x2a\xbd\x3c\x7c\x8d\
\xa8\x2a\x5b\xd3\xca\xe3\x93\x63\x9f\x13\xcb\xdd\xdf\xfe\xf2\xbc\
\xa9\xcb\x1b\x66\x2c\x82\xa6\xf3\x71\xb8\x77\x74\xc1\xdf\xb0\x78\
\xd4\xb3\xb9\x29\xe4\x00\x8a\x60\x8e\x33\xcb\x9f\x9a\x7c\x0e\xad\
\x24\x56\x52\x02\xdc\x24\xae\x40\xeb\x83\xa3\xdc\x77\xbb\x77\x14\
\x15\x58\x2b\x99\x2e\x73\xba\xe7\x39\xe9\xe3\x9e\xee\xbd\xc0\x6f\
\x56\xb4\xfa\x37\x24\xae\x64\x0c\x62\x3c\xbc\x4c\xe3\x97\x91\xef\
\xcb\x56\xad\x69\xa3\x0c\x49\x0e\x30\xc6\x4c\xe0\x5e\x69\x9e\xbe\
\x3c\xea\x62\x2e\x7a\x7c\x28\x19\xc3\xde\x50\xc7\xc2\xa6\xe1\x7c\
\x29\xb7\x24\x5b\x8e\x51\x55\xc4\x62\x73\x5e\xe2\x82\x0b\xa9\x00\
\x01\x94\xe5\xb4\x62\x3b\xaf\xe0\x77\xbd\x29\x2d\xda\x63\x99\x49\
\xe2\xb9\x2e\x6f\x4f\x00\xee\x0a\x9a\xdd\xa4\x78\xe7\xbc\xd3\x77\
\xa0\x77\x1e\x1f\x5e\x74\xfe\x1d\xb7\x1a\x0f\x3c\xfd\x26\x18\xd4\
\xf6\x6f\x8d\xbb\x9f\x58\xd6\x2a\xb7\x1f\xa5\x23\x1a\x9e\xcc\xe6\
\x7e\xce\xef\xd6\x35\x86\x16\x95\x63\xab\xa5\x3f\xb2\xda\xfb\xa5\
\x49\x51\xe9\xbf\x85\xb7\xf7\x4a\x92\x89\xb1\x43\xbd\x14\x9b\xf4\
\xa1\xd8\xa2\x8a\x28\x13\x14\x51\xee\xa2\x87\x2e\x33\x35\x32\x21\
\xe2\x19\xa6\xe5\x76\x38\xe4\xf5\xcb\x82\xb6\x76\xbd\x14\xd2\x40\
\xe2\xbf\x7e\xec\xc0\xcb\x80\x89\xf1\xde\xa4\xfd\x4f\xd1\xfd\x1f\
\xef\x1d\x3a\x9f\xf9\x97\x59\x3f\x01\xfc\x2b\x5a\x18\xfb\x31\xc3\
\xed\x04\x5c\x6c\x0d\x47\xda\x93\x8b\xa4\xc0\xe7\xdb\x3e\xa5\x6b\
\xf5\x1d\xb1\xd8\xd6\x34\xd7\xad\x69\xad\xc5\x94\xad\xca\x27\xaa\
\xb2\x00\xa2\x0e\x50\xac\x36\xbe\xe8\xd9\x22\x0e\xf2\x37\xcd\x40\
\xed\x53\x98\x3e\x03\xf4\xab\x7d\x87\xa7\x35\x5a\xdb\x76\x19\x70\
\xb7\x18\xc0\x71\x9c\x67\x65\xc7\x5a\xa9\x7d\xcc\x1f\x27\xe9\x4b\
\xa7\xb8\xda\xbd\x6a\x71\x93\x14\x36\x45\x11\xc7\x7d\x45\x6e\x23\
\xe8\xce\x83\x4e\x67\x51\xa8\xb9\x2c\x73\x56\x30\x1f\x8f\xe7\x48\
\xc3\xd1\xcd\x21\xed\x4a\xcc\xe4\x6f\xbc\x9b\x8f\xc0\xc9\x59\x0b\
\x9a\x8e\x37\x33\x93\x35\xeb\x27\x2f\xce\x9b\xc7\x71\x36\x8e\x0f\
\x16\xae\xd3\x4d\x83\xe9\x0f\x65\x69\xcc\x69\xb4\xd2\x53\x93\x0b\
\x44\x07\xde\xef\x55\xaf\x7a\x59\x71\xfd\xce\x92\x07\x73\x3b\x8a\
\xfc\x00\xac\xb4\x99\x7f\x35\xc8\x9e\x4d\x31\x95\xbc\xef\x39\x4b\
\xc8\xa1\xa7\x5f\xb4\xbb\x7b\x5b\xad\xd2\xdc\xb1\x72\xe5\xb8\xdb\
\x99\xbc\x61\x00\xce\x1c\xf3\x72\xf4\xae\x25\x49\xc5\x17\x24\x62\
\x99\xea\xb4\xdc\x54\xaa\x6d\x29\x4b\x40\x54\x00\x6f\x52\xdb\xe7\
\x8a\x8c\xe7\x52\x5b\xe7\x41\x6a\x06\xd5\x20\x64\xa8\xed\xf4\xa9\
\x0e\x54\x0b\x46\x29\x68\xa0\x28\xa2\x8a\x02\x8a\x33\x49\x9a\x05\
\xa5\xa6\xe6\x94\x77\xa0\x6d\xcf\xde\x5b\xfb\xcf\xd1\xaa\x1d\xb5\
\xb9\x6b\xdf\x57\xae\x3e\xdd\xbf\xbc\xfd\x1a\xa5\xda\xc6\x5b\x47\
\x9d\x22\x57\x5c\xcf\xfc\x3b\x4c\x7f\xfb\x92\xfa\x14\xd2\x2b\xa5\
\xb3\xfe\x34\xbe\x85\x48\x1f\xd8\x74\xc0\x65\xf5\xb2\xe9\x9e\x85\
\x31\x7f\x63\x6e\x32\xc0\xc6\xe4\xa4\x8e\xdb\x26\xd5\xdb\x3b\x19\
\x90\x60\x34\xfa\x73\x9b\xeb\x27\xf8\x53\x5f\xdc\x69\x9f\xee\xcf\
\xeb\x48\xc8\x8d\xab\x71\x92\x04\x25\x29\x0a\x86\x57\xa6\xf4\x9e\
\xb3\x31\x89\x18\xac\x62\x20\x86\xc6\x5c\xb8\x5c\x1b\xfb\xeb\x9e\
\xf6\xdf\x45\xbd\x16\x56\xad\x91\x15\xfd\x5e\x26\xdd\xf9\x76\xa9\
\x65\x12\x7a\xb6\x71\x44\x27\x19\x1d\xee\x03\x3b\x1e\x26\x2a\x28\
\x42\xed\xf7\x10\x07\x73\x3c\x23\x2c\x74\xf0\x0a\xbb\x0d\x14\xa3\
\x82\xf4\xe3\x6c\xce\x12\x52\xce\x10\xee\x30\x54\x91\x9b\x9e\x30\
\xdb\x6c\x61\x73\x88\x51\x78\x9c\x77\x67\x99\x83\x35\x24\x23\x83\
\xd9\xb6\xed\xd6\x4e\x0f\x87\x3a\x92\xdc\x74\xd0\x70\x33\xb9\x24\
\x4c\x06\x01\xf7\x73\x2a\x31\x64\x0a\xe7\xfd\x95\xd3\x14\xde\xcb\
\x31\x94\x18\xf1\x06\x44\xc4\x76\x39\x3d\x6b\x21\x38\x85\xbb\xc8\
\x8f\xb7\x8c\x67\x73\x77\x9f\x9d\x6a\xe6\x89\x21\x1d\xa2\xee\x79\
\x35\x93\x91\x97\x50\x7f\x78\xfa\xb5\xd3\x2f\xd5\x8f\x69\xb4\x91\
\xce\x9a\x1e\x37\x5a\xef\xdc\xd4\xdf\x6d\x70\x7a\xc6\x31\x8c\x50\
\x8c\x76\xd8\x06\xb8\x9a\x48\xe3\x4d\x6b\xfc\x56\xbb\x7c\x07\x0a\
\xa1\xb9\x27\x7f\xba\x57\x09\xd3\xa5\x92\xd3\x7d\x5e\x59\x2e\x79\
\xbb\xbb\xbc\xe3\x56\x2d\xc0\x26\x01\xd7\xfe\xea\x3d\x5a\xaf\x08\
\xb9\x64\x7d\x2a\x62\x04\x5e\x29\x20\x67\x39\xcf\x8e\x79\xd5\x5d\
\x19\x13\x10\x3e\xef\xfd\xad\x4c\x89\x17\x1d\x59\x72\xf3\xa8\xfd\
\x7d\xa8\x01\x01\x9a\x60\x13\x7e\x98\xe6\xd4\x77\xf5\x12\x60\x84\
\xd8\x4b\x3c\x83\x21\xdf\x97\xa5\x6b\x19\x6d\x66\xd9\x21\x9d\xaa\
\x70\x76\x56\xa3\x8d\x0f\x61\xd9\x77\xdf\xc2\xb2\x9a\x48\x66\x76\
\xfc\x26\x7d\x4a\xd2\x76\xb9\xff\x00\xd3\x75\x0e\x47\x36\xdd\xf3\
\x9e\xa5\x70\x34\x11\xce\x1e\xe9\x9f\x85\x3e\x4b\xe8\xc6\x71\xb6\
\x83\x49\x29\x46\xcd\xc2\x37\x08\x0d\xc9\x2e\x0d\xdd\xde\x55\x63\
\x84\x06\x4c\x77\x79\x4a\xe3\xf4\x2a\x2e\xce\x84\xae\x42\x44\x66\
\x45\x66\xe0\x0c\xc9\xdd\xd8\x0d\xfe\x15\xa2\xd1\x7a\x3d\xaa\xbe\
\xe5\xb7\x1b\x59\x32\xca\xfa\xb2\x4f\x08\x9b\x9e\xf4\xac\x48\xd5\
\xae\x4f\x04\xa4\x2c\x63\x2b\x98\xc6\xe9\xc3\x13\x7f\xa5\x2c\x74\
\x97\xee\xcf\xd7\xd9\xb7\x2b\x96\xe1\x15\xb9\x38\xc5\x62\x07\x8b\
\xb7\x7e\xc5\x6a\x25\xd9\x9d\x99\xd9\xe1\x73\xb4\x6f\xc2\x72\x0d\
\xbd\x63\x9c\xbe\x10\x36\xf8\xe6\xa8\xf6\xb7\xa4\x56\x1d\x05\xdd\
\x2e\x8e\xd3\x18\xca\x2c\x78\xae\x6c\xa2\x63\x68\x9b\x1c\xff\x00\
\xd2\xbb\x61\x7d\x38\xfc\x93\x29\xcc\x61\xfb\x7c\x25\xda\x56\x37\
\xe5\x1c\xff\x00\xee\xae\x9f\xa3\x7a\xd8\xf6\x76\xbe\xd6\xaa\x76\
\xf8\xc8\x46\x7e\xcf\x16\x32\xa0\x1b\xf7\x57\x13\xb7\x67\x27\x5d\
\xa5\x64\xee\x9b\xbe\xfa\xb9\x64\x67\xa5\x48\xec\xb9\xf8\x64\xae\
\x36\xee\xba\xb4\x1d\xa3\xe9\x76\xaa\xf0\xc2\x13\x2c\xdb\x79\x42\
\xc9\xc2\x3e\x6f\x37\xe5\x5c\x58\xea\xef\xea\xe7\x8e\x10\x8a\xf2\
\x05\x57\xfd\xf5\xa8\xe3\xa7\xb4\x23\x72\x52\x9c\x9e\x61\xb7\xc5\
\xae\x86\x9a\x71\x81\x88\x44\x8e\xfc\x8c\x07\xbd\xe7\x55\x55\xfb\
\x5b\xb3\x87\xb2\x25\x3d\x44\xb8\x58\xa4\xa3\x6c\xdd\x7a\x65\xee\
\x37\xa8\xbb\x3e\x32\x6c\x48\x22\xc9\x64\x80\x0b\x9e\x5d\x2b\x59\
\xa1\xec\x49\x76\xae\x99\xb7\xa8\x8c\xa3\xa7\x9f\xda\x96\x51\x96\
\x39\x07\x5f\x7f\x2a\xee\xf6\x47\xa3\xda\x0e\xcb\x59\x69\xed\xc9\
\xb8\xe7\x13\xb8\xb2\x41\xe7\x8e\xee\x55\x06\x47\xb3\xfd\x1f\xed\
\x3d\x5a\x2d\xa6\xcc\x1e\xb7\x1c\x7c\x8d\xda\xd7\xf6\x4f\x60\x59\
\xd0\x84\xee\x49\xbb\x70\xea\x86\x0f\x22\xba\xc4\x43\x95\x3c\x36\
\xda\xae\x91\x1f\x0e\x33\x8c\x6f\xe1\x4a\x08\x53\xb1\x4d\x9c\xe3\
\x03\x0e\x57\x19\xc1\xcf\x1d\xfe\x07\x8b\x40\xa6\x4e\x9f\x3a\x6b\
\x70\x4c\x45\x32\xb8\x14\x51\x7f\x1a\x8a\x53\x94\xdc\x3c\x9e\x40\
\x38\x4e\xfd\xf9\xf9\xb8\x3c\xe9\xa7\xb5\xb0\x67\x88\xc0\x06\x73\
\x8e\xee\x59\xf9\x05\x45\x3f\x85\x9c\x87\xd6\x46\x59\x5c\x2b\xd0\
\xe7\xee\xf0\x3d\xed\x3a\x36\xa5\x2c\x6e\x61\x39\xe7\x26\x3a\x72\
\xe7\xe5\xb1\xe7\x4e\x8d\xa2\x31\x67\x79\x03\x65\x17\xea\xf5\xf2\
\x36\xee\x29\xb7\x2f\x32\x12\x23\x18\x86\x51\x70\xe3\xc5\xfe\x53\
\xc3\x9b\xd2\x82\x54\xf5\x51\xc5\xb8\xb2\x93\xce\x4e\xe1\xe7\xf9\
\x15\x04\x89\x2b\x29\x92\x54\x33\x91\xce\x1e\x8e\x3e\x41\xef\x69\
\xa3\x83\x19\x40\x37\x33\xc3\x88\xbd\x79\xfb\x31\xf9\xb5\x3d\x98\
\x5c\xb9\xed\x4a\x52\x8c\x1c\x6f\xb8\xcb\x1d\xc7\x43\xe6\xd0\x47\
\x0b\x72\xb9\x36\x38\xe4\x84\x94\xc8\x77\x67\xa2\xff\x00\x74\xd8\
\xeb\x9a\xb9\x6a\xd4\x6d\x89\x1c\xab\xbb\x25\xca\xbe\x2f\xfb\xc5\
\x3b\x05\x2e\x3c\x5f\x8d\x03\xb1\xb9\x4a\x1b\xd3\x4e\x7c\xda\x49\
\x4c\xb7\x1e\x29\x28\x1b\x60\x32\xaf\x40\x3a\xaf\x75\x40\xf9\xcc\
\xb7\x1e\x29\x65\xca\x01\x8c\xaa\xf2\x03\xbe\x92\xdc\x1c\xb7\x2e\
\x61\x9a\x6c\x0e\x48\x9d\xc7\xe2\xf5\xa6\x5b\x8c\x99\x7a\xdb\x81\
\xc5\x8c\x46\x39\xc9\x13\xbb\xcf\xbd\xf7\x72\xa9\x55\xce\x70\x50\
\x3b\x14\x8f\x2a\x46\x49\xd3\xe7\x4d\xe2\xf0\x7e\x14\x1e\x7f\xfa\
\x54\xfe\x23\xb3\x3e\xe5\xdf\xac\x6b\x0a\x56\xe7\xf4\xa6\x8e\xa7\
\xb3\x31\xff\x00\x97\x77\xeb\x1a\xc3\x52\xac\x75\x34\xbf\xc2\xda\
\xfb\xa5\x4a\xed\x82\xa2\xd2\x7f\x0b\x6b\xee\xd4\xd4\x4f\x64\xa2\
\x8a\x28\x6c\x67\x99\x49\x46\x37\xa1\xda\x8a\x28\xa3\x34\x50\x72\
\xaf\xeb\x2e\x5e\x56\xf5\xfb\x97\x17\xfa\xa4\xb9\xf8\xd4\x3e\xb4\
\xfe\x58\xbe\xe2\xa1\x6e\x63\xec\xdb\x89\xe2\xb9\xa1\x9d\xc9\x18\
\x65\x8f\x03\x6a\x22\x59\x4e\xe0\x67\x84\x0f\x17\x2d\x55\xbd\x06\
\xf0\x0a\x44\x1c\xed\xba\xd3\xc8\xb2\x70\x66\x4b\xd3\x9b\xf0\xab\
\x96\x3b\x23\xb4\x6f\x84\xad\xe8\xee\x11\x79\x4a\x47\x08\xfc\x68\
\xaa\x97\x9c\xc2\x4e\xff\x00\x65\xfa\x53\x0c\x24\x32\x0e\xdd\x7c\
\x8a\xed\xc3\xd1\x8e\xd3\xbe\x70\xca\x10\xb6\x22\x2b\x2c\xe3\xdc\
\x57\x4f\x43\xe8\x64\x22\xe7\x5b\x7e\x53\x03\x04\x61\xec\xef\xcb\
\x39\xde\x83\x27\xc8\xee\x3c\x0a\x50\x64\xe0\xcc\xbc\x0c\xb5\xbf\
\xb1\xe8\xd7\x66\x59\xdd\xd3\x93\x4e\xb2\x57\xeb\x5d\x0b\x3a\x1d\
\x2d\x93\x16\xf4\xf0\x8f\x94\x42\x89\xb7\x9c\x59\xec\xed\x6d\xe4\
\xf5\x5a\x4b\xb2\xcf\x56\x28\x7c\x5a\xe8\x58\xf4\x63\xb5\x2f\x7d\
\xa8\x42\xd0\xf5\x94\xb3\xf4\xaf\x40\x8c\x22\x72\x22\x79\x14\xe2\
\x39\x28\x6d\x84\xd6\xfa\x31\x73\x43\xd9\xb7\x75\x77\x75\x04\xa5\
\x6e\x22\x46\x31\xc0\xe5\x0e\x79\xf1\xae\x0e\x2b\xd1\xfd\x26\x8e\
\x3d\x1d\xd6\x3f\xdc\x1f\xfd\xc5\x79\xd5\x14\x98\xf0\xa0\x37\xa5\
\xa2\x94\x18\x29\xf6\xf9\xd3\x69\xd1\x70\xd4\x16\x61\xca\xa5\x1d\
\xaa\x08\xcc\x0a\x77\xad\x3b\xe8\x26\xa3\x35\x0f\xad\x3a\x34\xdf\
\x5a\x77\xd0\x4f\xc4\x51\xc5\xdd\x50\x7a\xc3\x34\x8d\xdc\x50\x58\
\xe2\xa3\x8a\xab\x7a\xcf\x1a\x1b\x9e\x34\x16\x59\x62\x93\x8a\xab\
\x7a\xcc\xf5\xa5\xe3\xf1\xa0\x92\xe4\x86\x76\xbe\xf3\xf4\x6a\x0d\
\x7f\xb5\x3b\x7e\x4d\x12\x9a\xce\xde\xfc\xa4\xfd\x1a\x6d\xe7\x89\
\x87\x7e\x1a\x41\xd4\x65\x34\x89\x10\x8e\x00\xdd\xdd\xdb\xb8\xdf\
\xe3\x4b\x6f\x4b\x7e\xe6\x02\x32\x09\x0a\x3b\x40\xdb\xe2\xd5\xaf\
\xd7\x25\xc1\x64\xd3\x58\xb7\x6b\x01\x0e\x2c\x0b\x27\x06\x57\xe1\
\x55\xdf\x5b\x75\x87\xac\xb9\x26\x2c\x98\xe0\x71\x80\xae\xb9\x69\
\xc6\x5c\xe9\x61\xa6\xb1\x0c\x4a\xe5\xe8\x99\x33\x88\x19\x47\xa1\
\x97\x2d\x3e\x32\xb0\x23\x0b\x0c\xd6\x38\xe2\x9b\x9d\xce\x69\x9a\
\x8e\xd4\x08\xb6\xd0\x32\xca\x59\x5e\x6d\x3e\xd9\x92\x1b\x7f\x2c\
\xab\x2d\x78\xfd\xd4\xb3\xd4\x5f\x9c\x5c\x48\x8c\x58\x92\xc4\x4c\
\x1b\x72\xa4\xe1\x38\x9c\xb9\xc4\xa2\x65\x73\xb3\x4d\x0f\x63\xff\
\x00\xea\x3e\xb4\xf7\xed\x3f\x7a\x35\x34\xd4\x92\x74\x75\xbf\xb7\
\x03\xc6\x5e\xed\xe9\x72\x11\x17\xa7\xe6\x51\x68\x78\xa2\x82\x84\
\xa5\x94\xe5\xce\x9b\x28\xc9\x0c\x98\x89\x85\x5f\x75\x6f\x1e\x4a\
\x8e\x59\x61\x25\xdd\x47\xe8\xd6\x66\x26\x6e\x6a\x0f\xef\x1f\x56\
\xb4\xf7\x1b\x70\x8a\x0b\x24\x8b\x9c\x72\xce\x1a\xcc\x69\xa5\xeb\
\x1b\xb2\xc0\x71\x23\x8e\xed\xda\xe9\x97\x4c\x49\xca\xde\x9e\x38\
\xb3\x68\xe9\xeb\x17\xe4\xd7\x6c\xbf\x6a\x11\x89\xf6\xa5\x8d\xc0\
\xce\xf8\x07\xc3\xa5\x71\xed\x6d\x6e\xdf\x4c\x49\x7e\x55\xd0\x32\
\x47\x62\x31\x3b\xde\x6d\x70\x8e\x8b\x12\xd4\x5c\x99\x98\x91\xb7\
\x17\xab\xbb\x51\x6f\x39\xe6\x4c\xae\x38\xea\xd2\x5b\x8b\x2c\x70\
\xc5\x9b\xde\xf2\xab\x10\xb1\x26\x61\x39\x61\x43\x10\x89\x99\x3e\
\x41\xbd\x34\x23\x9c\xb8\x22\x0a\x47\x28\x00\x65\xa2\xe4\x65\xfa\
\xa2\xc4\x41\x4d\x97\x74\xcf\x35\xee\xae\xc6\x8f\xb0\x35\x57\xa4\
\x32\xb5\x1d\x3c\x70\x39\xb9\xed\x4f\x1e\x10\x37\xf8\xd7\x7b\x4d\
\xd8\x9d\x9f\xa1\x4d\x46\xba\x51\x97\x08\xa4\xb5\x09\x8d\xb9\x62\
\x26\xd9\xf8\xd7\x5c\x2e\xab\x9e\x7c\x4d\xb0\xbd\xac\x1f\xf0\x9b\
\xef\x56\x0b\xf3\x2b\x85\xa0\x31\x01\x3a\xcb\xe9\x8a\xd1\xfa\x57\
\xab\xb3\xa8\x9e\xbe\x5a\x7c\xb0\x79\x38\xc1\x80\x0d\x8f\x8d\x66\
\xbb\x3a\x4b\x00\xfe\xfe\xd5\x8c\xfb\x5f\x8e\xdb\x8e\xdb\x6f\x44\
\xfb\x57\x49\xd9\xba\x5d\x54\xf5\x24\xe5\x71\xb8\x36\xe3\x00\xca\
\x19\xce\x57\x91\xcb\xaf\xba\x9f\xda\x5e\x98\x6a\x24\x4a\x1a\x7e\
\x1d\x25\xbd\xfd\x9b\x46\x64\xf9\xaf\xe1\x8a\xcb\x5c\x9c\xe1\x08\
\xc6\x0a\x71\x4a\x59\x4e\x7b\x38\xa2\xde\x8e\xe4\xb1\x2b\x89\x08\
\xbd\x57\x7a\xce\xdb\x4f\x7b\xb4\x75\x1a\x8b\x8b\x15\x15\xfb\x4a\
\xc9\x7c\x55\xde\xa5\xd3\x59\xbd\xa8\x42\x24\xa5\x8e\x6a\xe0\x3d\
\xf4\x96\xad\xd8\xb7\x80\x1b\x92\xef\x76\x2a\xfd\xab\xd9\x08\x86\
\x3a\x63\x90\x79\x14\x14\x3b\x6b\x45\x62\xdd\xbb\x57\x72\xdc\xb8\
\x48\x87\x10\x7b\x26\xea\x87\xe7\x4d\xd0\x5b\x94\xec\x96\xe1\x09\
\x4e\x72\xe2\x02\x26\x57\x73\x90\x56\xaf\x4d\xe8\xe7\xfc\x56\xcc\
\x5d\x69\x2b\x56\x62\x8c\x01\x49\x49\xef\x0e\xea\xee\xf6\x4f\xa3\
\xfa\x1e\xca\xf6\xb4\xf6\xd6\x7b\xe2\x73\x78\xa4\x0f\x30\xcf\x2a\
\x69\x19\x4d\x07\xa2\xdd\xa3\xa9\xc3\x76\x31\xd3\xc1\xeb\x37\x2f\
\xb8\x3f\x3a\xd3\xf6\x67\xa3\x1a\x2d\x1b\x19\x5c\x1b\xd7\x0d\xf3\
\x3c\x21\xe4\x72\x2b\xb6\x44\x39\x67\xce\x9c\x18\x6a\xe8\x11\x89\
\x18\xe2\x20\x6d\x8d\xa8\x89\xcf\x6f\x9d\x3a\x93\x18\xa0\x70\x78\
\x7c\xe8\xc8\x1b\xe4\xf3\xa8\x67\x7e\x21\xec\x62\x5b\xe1\x92\xec\
\x3f\x55\xf0\x2a\x16\x52\x94\x86\x59\xc8\xb9\x50\x10\xf1\x79\x44\
\xf8\xad\x2d\x16\x2e\x37\x1c\x90\x8a\x1c\xb2\x26\x5f\xc0\x3c\x79\
\xd4\x12\x84\x83\x78\xae\x7b\x81\xca\x77\x0f\x3f\x37\x6e\xe2\x92\
\x2e\x18\x11\x71\x95\xe1\x23\x91\xff\x00\xa4\x7e\xaf\xba\xac\x5a\
\x84\xa2\x12\xbb\x24\xc0\xfb\x3c\x59\x0f\x35\xe6\xfc\xa8\x22\x85\
\xb9\x5c\x5c\x00\x64\x55\x14\xcf\xbf\x79\x3e\x2e\x02\xa5\x65\x6e\
\xca\xc6\x39\x95\xc4\xcb\x97\x7f\x35\xe8\x7f\xb0\xa6\xdc\xd4\x2a\
\x7a\xb1\x05\x01\xe1\xcb\x3f\x08\x9d\x7c\xdd\x8a\x63\x7f\x69\xb2\
\x2d\x60\x91\xc4\xb9\x63\x1f\x0c\xff\x00\x33\xe5\x51\x48\xca\x53\
\x90\xab\x29\x26\x63\x80\xcb\x8e\x7c\x23\xc8\xfe\xf3\xee\xa6\x8e\
\x01\x31\x82\x59\x8b\x11\x4c\xbc\xf8\x4f\xe6\x7b\xe4\xec\x54\xbc\
\x65\xc9\x4a\x0d\x81\x9c\x93\x31\x25\xb8\x77\xc9\xe9\xe5\x56\x61\
\x66\x10\x9f\x1c\x62\x65\x31\x9e\xe3\xb8\xee\x3c\xa8\x22\xb3\xa6\
\xd8\x6e\x86\xce\x48\x67\x26\x7b\xd5\xe6\xf8\xf2\x3a\x55\xa2\x93\
\x2e\x79\x1f\x1a\x05\xee\xa0\x75\x19\xde\x93\x3e\x14\x4a\x71\x84\
\x59\x4e\x44\x62\x19\x57\x90\x54\x04\xe7\x18\x45\x94\xdc\x06\xeb\
\xfe\xfa\xd3\x6d\xc6\x53\x99\x76\xe1\x84\xfb\x30\x7f\x94\xef\x7c\
\x5f\x97\x2e\xfa\x6d\xb1\xbb\x32\xed\xc1\x01\xcd\xb8\x3c\xcf\x17\
\xc7\xb8\xe9\xe7\x53\x50\x3b\x38\xeb\x47\xbe\x93\x34\x99\xe9\x40\
\xab\x9e\xb4\x8a\x50\xb4\xc5\xdb\x6a\x0c\x0f\xe9\x47\x7d\x4f\x66\
\x7f\x87\x77\xeb\x1a\xc3\x95\xb6\xfd\x28\x3f\xda\x7b\x33\xfc\x3b\
\xbf\x58\xd6\x26\x95\x63\xab\xa5\xfe\x16\xd7\xdd\x2a\x5f\xa5\x45\
\xa5\xfe\x12\xdf\xdd\x2a\x5e\x94\x42\x51\x45\x15\x40\xf8\x52\x3e\
\x34\xb4\x9d\x6a\x1b\x1b\x51\x46\x28\xa0\x76\x9f\xd0\xfd\x44\xf7\
\xd4\x5f\x8c\x0e\xe8\x99\xf9\xbf\x95\x75\x34\xde\x89\x68\x2d\xb9\
\xbb\xc5\x75\xfe\xf2\xe3\xe1\xb1\x5a\x2e\x1a\x52\x26\xd4\x14\x74\
\xdd\x99\xa3\xd3\x98\xb3\xa7\x84\x43\xb8\x0a\xb6\x40\x89\x80\x0f\
\x22\xa4\xe1\xa7\x70\xd0\x46\x47\x6a\x38\x69\xfc\x34\xbc\x38\xa0\
\x67\x0d\x3b\x86\x9f\x8a\x5c\x60\xee\xa0\x8f\x84\xee\xa5\xe1\x0f\
\xf4\xa7\xec\xec\x6f\xe4\x51\x87\xbb\xe2\xd0\x72\x3d\x27\x31\xe8\
\xe6\xb3\x9e\x38\x0f\xf3\x15\xe7\x3d\x6b\xd2\x7d\x28\x1f\xfc\x37\
\xac\x5f\xfc\xb3\xfc\xc5\x79\xae\x37\xa5\x20\xa2\x8c\x51\x51\x4b\
\x41\xb5\x25\x1b\xd5\xd0\x51\x73\x4b\xc4\x94\xdd\xda\x5c\x35\x02\
\xf1\x3d\x68\xcd\x18\x68\xe1\x73\x40\x99\x69\x72\xd2\x90\x5a\x71\
\x06\x81\x99\x68\xcb\x52\x7a\xb6\x94\xb6\xd5\x90\x45\x4e\xc3\x9a\
\x93\xd5\xd2\xf0\x62\x82\x09\x1e\xdd\xbf\x37\xe8\xd3\xa4\x6d\x1c\
\xf8\xfe\x14\xf9\xc3\xf6\x90\xdb\xf9\x9f\xa3\x4b\x7a\x38\x23\x9f\
\x1f\xc2\x93\xb1\xd7\xb6\x7e\xca\xd6\x0f\xe6\x7e\x94\x90\x37\x87\
\xf8\x8d\x49\x6c\x5b\x56\xb0\x2e\x25\x97\x1e\x54\x91\x86\x30\xa9\
\x92\x4c\xb0\x6f\x93\xa7\x2a\xe9\x93\x38\x99\x03\x7b\x7f\x7a\x5f\
\x8d\x2d\xb1\x48\x20\xb8\x8c\xb3\xe1\xbd\x12\x9d\xab\x40\x4a\x41\
\x85\x77\x72\x8b\xe0\x54\x33\xd6\x67\x6b\x50\x64\x77\xcb\x60\xf7\
\x1b\x56\x39\x6b\x85\x92\x1e\xce\x24\xe1\xe0\x22\x86\xee\x73\xbf\
\x85\x12\xbb\x6a\x0a\xc9\x38\x94\x71\xcd\xdb\x96\xdd\x2a\x8b\x72\
\xe4\xcf\x6e\x78\x3b\x8d\x8a\x4c\x91\x32\x45\x7f\x1a\x26\xd6\x67\
\xac\x96\x3f\x65\x07\x3d\x19\x7e\x54\xcb\x77\x27\x31\x6e\x49\x9b\
\xdc\x1b\x15\x58\x59\x21\x29\x06\x7a\x46\xa7\x86\x08\x84\x5e\x18\
\x8f\x53\x79\x35\xd7\xe3\x93\x6e\x79\xef\x49\x66\x8c\x25\x83\x18\
\x8a\xfc\xab\x35\xa0\x3d\x99\xf9\x1f\x56\xb4\x92\xda\xcb\xd1\x62\
\xf3\xf2\x6b\x39\xd9\xff\x00\x66\xe3\xdc\x1f\x56\x99\x2c\x5c\x8a\
\x84\x71\xfd\x4f\xd2\xb4\x5a\x0e\xcd\xb9\xa9\x88\xd8\xb1\x3b\xb8\
\x05\x93\xec\xc6\x3e\x72\x7f\x0a\xce\x2f\xb2\x07\x7b\xf4\xad\xef\
\xfe\x22\xec\xfd\x26\x87\x4f\x0b\x56\xe5\xaa\xbd\x0b\x51\x1c\xfb\
\x30\x8a\x06\x77\x76\xe7\xdc\x7b\xeb\x94\x6d\x2e\x87\xd1\xe7\x21\
\xa8\x93\x23\xfa\x2c\xbc\x31\xf7\xcd\x32\xfb\xab\xa3\x73\x53\xd8\
\xbd\x8b\x6d\x84\x7d\x55\xb9\xe3\x0c\x6d\x1c\x53\x7c\xd3\x71\xf1\
\x52\xb1\x9d\xa9\xe9\x5e\xb3\x52\x31\x6f\x31\x83\xb7\xab\xb2\xb1\
\x31\xdc\xbc\xdf\x8d\x70\xae\x6b\x2f\x5d\x50\x42\x39\xe4\x18\xab\
\x6a\x36\x7a\xef\x4c\x26\x0d\xbd\x15\xbb\x7a\x48\x2f\xda\x90\x4a\
\x6f\x8f\x70\xfc\x7c\xeb\x81\x7b\xb4\xae\xdd\xbb\x2b\x93\xbb\x72\
\xed\xc7\xf9\xe6\xe5\x3c\xb3\x5c\xab\x56\xe4\xa4\xa5\x95\x79\x0e\
\xf8\xff\x00\x5a\xbf\x67\x4a\xb8\x95\xe9\x70\x47\xbb\xab\x4d\xd8\
\x6a\x20\xd5\x46\xe6\xa3\x4b\x7c\x80\xce\xe4\xa3\xc8\x37\x77\x2b\
\x9f\xa4\xb1\x2d\x3c\xbd\x5c\xd1\x49\x99\xc3\x90\x76\xdb\xc6\xb4\
\xb0\xe1\x8d\xbf\x57\x00\x84\x5d\xd3\xab\xe6\xd7\x08\x65\x3d\x54\
\xb2\x2b\xeb\x30\x01\xbe\x33\xb6\xd5\x2f\x3d\xaa\xcb\xb4\x07\x6f\
\xb5\x2c\x2f\x9b\x40\x32\x96\x1f\x69\x76\x0f\xc8\xad\x17\x62\xfa\
\x2f\x77\x59\x6b\xd6\xeb\xc9\xd8\xb7\xc4\xb1\x89\x82\x52\x15\x73\
\xd5\x2b\x55\xa0\xec\x4d\x06\x88\x3d\x46\x9e\x31\x97\x59\x3b\xc9\
\xf7\xb4\x90\x63\x3b\x3b\xb0\x3b\x43\x58\xc5\x2d\x7a\x9b\x6f\xf3\
\x5c\x13\xe0\x73\x7e\x55\xaf\xec\x9f\x47\x34\xda\x26\x37\x2e\x1e\
\xb6\xe9\xbf\x14\x8c\xe3\xc8\xe4\x57\x5a\x30\x23\xb4\x54\xf1\xe7\
\xf8\x54\x80\x9d\x4f\x85\x5d\x21\x48\x91\x30\x1e\xfe\xb4\x14\x8b\
\x2e\xa0\xf9\x34\x65\xea\x3e\xec\x34\x0f\xeb\x4e\x36\xc5\x30\x91\
\xe2\x77\xe4\x6a\x3b\x92\xb9\x2c\x96\xf0\x44\xdf\x26\x15\xf0\x0e\
\x9e\x6d\x04\xb3\xb9\x18\x38\xdd\x92\x6d\x13\x75\xf7\x74\xf3\x6a\
\xb4\xee\xca\x6e\x64\xe2\x27\x33\x3e\xc8\xf7\x29\xba\xf8\x14\xd9\
\x5b\x9e\x24\x36\xc4\x4c\xa2\xb8\xc7\xf7\xa5\xce\x4f\x81\xb5\x26\
\x52\x59\x09\xf1\x31\xc4\x71\xf6\x93\xba\x27\x28\x9e\x2e\xf4\xa1\
\xc3\xed\x44\xdf\x20\xb8\xc6\x24\x1d\xfd\xd0\x3e\x6d\x3a\xcd\xb9\
\x5c\x22\xc0\x8f\x01\x94\x91\x9e\x13\xc6\x23\xf6\x9f\x16\xa4\xb5\
\xa7\xd8\x6e\x7d\x93\x72\xd9\xb9\x9e\xf5\xe6\xbe\x34\x97\xb5\x41\
\x09\x16\x65\x00\x8e\xd2\xb9\x2f\xb3\x1f\x03\xbd\xf0\x28\xa9\x16\
\xde\x9e\x3b\x12\x9c\xe5\xd0\xf6\xa5\x27\xfd\xfb\x8a\xaf\x76\xe3\
\x71\x97\x1b\x06\x31\x37\x11\xe0\x83\xe2\xff\x00\x33\xe0\x53\x11\
\x65\x23\x86\x6c\xa6\x7d\x92\x58\xb9\x33\xc5\xfe\x58\xd2\xf1\x60\
\xcf\x10\x10\x30\xcf\x19\x85\xb7\xba\x27\xf3\x4b\xc6\xa0\x57\xda\
\x92\x62\x4c\xa7\x1c\xf0\x92\xc4\xe6\x77\xaf\xf2\xc7\xc3\x9d\x3e\
\xd4\x27\x7a\x43\x09\x63\x06\x3d\x60\x7b\x31\xf0\x81\xd5\xf1\xa5\
\xb3\x61\xb9\x1c\xcc\x94\x6d\x3b\xb1\x91\xed\xcd\xef\x93\xd3\xca\
\xae\x81\x18\x84\x40\x03\x00\x18\x02\x81\x2d\x5b\x8d\xb8\x91\x81\
\x83\x9a\xf5\x5e\xf5\xea\xd3\xe9\x06\x8c\xf7\xb4\x0e\xa3\xad\x14\
\x28\x0a\xa1\x8d\xd5\x70\x14\x04\xa4\x46\x2c\xa4\x84\x43\x2a\xb8\
\x02\xa1\x80\xdf\x91\x72\x62\x5b\x8b\x9b\x70\x4c\x65\xe9\x27\xf0\
\x3a\x73\xe7\x49\x11\xd4\xc8\x9c\x84\xb2\x39\x8c\x5f\xe7\x7a\x49\
\xf0\xee\x3a\xf3\x7a\x54\xe3\xdf\x50\x2e\xdd\x69\x76\xee\xa4\xc9\
\x47\xbe\x80\x76\xea\xd2\xae\xdc\xe9\xab\x42\xd0\x19\x7b\xfe\x25\
\x35\x5f\x0a\x16\x91\x79\xd0\x60\xbf\x49\xca\xea\x3b\x3b\x6c\x7b\
\x17\x3a\xf8\xc6\xb1\x35\xb6\xfd\x26\xef\x7f\xb3\x7e\xe5\xcf\xac\
\x6b\x13\x87\xba\x95\x5d\x5d\x2f\xf0\xb6\xbe\xe9\x52\xd4\x5a\x5f\
\xe1\x6d\x7d\xd2\xa5\xa4\xe9\x09\x45\x14\x50\x14\x98\xa5\xee\xa2\
\x81\x31\x45\x2e\x4a\x28\x6a\x37\x98\xa3\x86\x9f\x83\xa6\x5f\x22\
\x94\x17\xa1\xef\xa0\x6f\x0d\x18\xef\xa7\x91\x7b\xdf\x76\xd4\x10\
\x0e\x45\x03\x31\xdd\xbf\x91\x4a\x45\x7a\x07\xbe\xa4\x23\xb5\x1c\
\x34\x0c\xe1\xef\x68\x22\x77\x53\xe5\xc3\x13\xda\x90\x79\xb4\xdf\
\x59\x1c\x7b\x3b\xef\x8c\x72\xfa\xd5\x0b\xc3\x47\x0e\x6a\x29\x5d\
\xb9\x8f\x66\x21\x9c\xe1\xc6\x73\x51\xb7\x19\x18\x96\xe6\x36\xdf\
\x19\xfc\x1a\x68\x53\xf4\xa5\x8f\xfe\x1c\xd6\x1c\x46\x5b\x66\xc3\
\xfd\xe2\xbc\xd1\x37\xaf\x46\xf4\x8e\xdb\xff\x00\x87\x75\x92\x23\
\x33\x10\x39\xf2\xe6\x57\x9e\x70\x94\x21\x98\xa3\x85\xa9\x31\x45\
\x45\x30\x8d\x2f\x0e\x29\xe0\xf7\x53\x88\xe6\x82\x32\x27\x75\x29\
\x0f\x0a\x94\x86\x29\xc4\x4a\x08\x88\x66\x9c\x5b\xf0\xa9\x02\x97\
\x05\x03\x48\x78\x50\x44\xee\xa7\xd2\xd0\x37\x84\xa4\xe1\xf0\x29\
\xf4\x05\x03\x78\x4a\x5e\x1d\xf9\x53\xa9\x68\x22\x9c\x7d\xbb\x5f\
\x79\xfa\x35\x1e\xa4\xde\x1e\x4d\x4d\x3f\xde\x5b\xfb\xcf\xd1\xa8\
\xb5\x7b\x31\x7c\x1a\x7b\x2a\xf4\xb5\xb1\x2d\xc6\x30\x8b\x24\x88\
\x39\xd8\xe5\xe1\x50\x4e\xfd\xd9\xec\xcb\x84\xee\x8e\xc5\x33\x0a\
\x1b\x07\x9d\x18\x39\x39\x7c\x2a\xb3\x38\x24\x43\x9e\x32\xf5\xa7\
\x99\x79\xa4\x71\xd2\x96\xdc\x2e\x5c\xc1\x01\x7c\x8c\xd4\xd6\xf4\
\xc4\xae\xfa\xbc\x4a\xed\xdc\xed\x0b\x67\x14\xbe\x07\x2a\xa2\x0c\
\x86\xe0\xc9\xe9\xe3\x4e\x8d\x9b\xb7\x0e\x29\xa5\xb8\xf8\xb8\x2b\
\xbd\xa6\xf4\x7b\x59\x33\x8a\x76\xa3\xa5\x81\x85\x66\x71\xcd\xf2\
\x0e\x4d\x76\x34\x5d\x85\xa5\xb0\x97\x2e\x5a\x6e\xce\x2e\x5b\xba\
\x89\x65\x3c\xa2\x6c\x7b\xdf\x75\x24\x19\x6d\x17\x65\xde\xbe\x3f\
\xab\x58\x9d\xd7\x18\x94\xd3\x86\x07\x9a\xfe\x15\xdd\xd0\x7a\x34\
\x4e\x71\x35\x93\x95\xc3\x20\xc2\xc9\xc3\x13\xce\x4e\xef\xba\xad\
\x6a\xfb\x6f\xb2\xb4\x4f\x09\x71\xd5\xdd\x8f\x28\x43\x0c\x47\xa1\
\x9d\xa2\x7c\xda\xe3\xeb\x7d\x28\xd7\x5f\xcf\xab\x63\xa6\xb7\xdd\
\x6d\xcc\x9f\x0e\x27\xf0\xc5\x6e\x59\x19\xb2\xd8\x6f\xa5\x36\x74\
\xfa\x3e\xd0\x95\xab\x11\x8d\xab\x71\xb2\x62\x27\x93\xef\xcd\x62\
\x34\x12\xf6\x6e\x1e\x07\xd5\xae\xc6\xb2\xff\x00\xeb\x12\x94\xde\
\x25\xe1\x45\x93\x95\xd9\xeb\x5c\x3d\x0c\xc2\x73\x8e\x1d\xc1\xf8\
\x3f\xeb\x4c\xf2\xde\x4c\xfc\x58\xdc\x70\x92\xba\x11\x14\x87\x8c\
\xb1\xf2\xa2\xfd\xeb\x93\x93\x15\x50\x70\x05\x3a\xde\xf1\xb6\xff\
\x00\x7d\xfa\x52\xb1\x23\x27\x0b\xba\xbb\x6d\x5c\xdd\x4c\xb5\xa6\
\xb9\x37\x20\x99\xef\xab\x30\xb1\x6a\xce\xf3\x91\x9f\x0d\xda\x64\
\xae\x5c\x90\x0c\x90\x36\xc1\x49\x1c\x09\xb2\xe7\x63\xaa\xd0\x59\
\x85\xe0\xda\xd4\x08\xff\x00\x79\xe7\x52\xdb\x9c\xb3\x96\x4b\x27\
\x6c\xf5\xf7\x55\x9e\xce\xec\x2d\x76\xb1\x25\xea\xdb\x36\xdd\xf8\
\xa6\x22\xf9\x1c\xda\xd7\xf6\x4f\xa3\xda\x6d\x16\x27\x23\x8e\xe9\
\xfc\xf3\x32\x9e\x47\x22\x9a\x1c\x7e\xc9\xec\x1b\xfa\xac\x5c\xd5\
\x66\xd5\x9e\x68\xed\x29\x78\x78\x1f\x3a\xd4\xd8\xec\xfd\x3d\x88\
\x91\xb7\x66\x30\x0e\x4e\x32\xff\x00\xbf\x3a\xb5\x08\x91\x36\x37\
\xea\xf5\xa5\xeb\x5a\xd2\x16\x31\x0e\x47\xbf\xad\x3c\xd9\xa6\xc5\
\xa7\x0e\x31\x50\x38\x70\x53\xb3\x4c\xcd\x32\x77\xa3\x6d\x07\x32\
\x93\xca\x31\x32\xbe\xef\xc6\x82\x6c\xd4\x17\x75\x04\x44\xb7\x12\
\x58\xfb\x52\x5c\x46\x27\x7a\xfe\x05\x57\xbb\x76\xe5\xc6\x51\x9c\
\x73\x8d\xdb\x71\x96\x00\xef\x94\x9f\xa1\x4c\xcc\x48\xc6\x42\x10\
\x86\xd1\x9b\x1c\x40\xf0\x84\x4e\x6f\x8a\x50\x48\xdc\x49\x17\x19\
\x5c\xca\x62\x32\xc6\x59\x1d\xd1\x89\xf5\x69\xf1\xb9\x32\x44\x49\
\xab\x03\x2c\x57\x26\x3b\xe7\x24\xf9\x15\x08\xa4\x83\x8a\x64\xe7\
\xb9\x15\xcd\xc9\x9c\xf0\xa9\xec\x9e\x15\x66\xd6\x99\x62\x7a\xf2\
\x2c\x47\x31\xb7\x13\x11\x8f\x9f\x7b\xe7\x40\xb6\x67\x76\xe0\x30\
\x61\x28\xae\x5b\x8c\x50\x4e\xe8\x83\x97\xcd\xa9\xee\x4e\x16\xa3\
\xc5\x39\x31\x39\x73\xca\xbd\xc1\xd6\xa2\xbd\xa9\xe0\x93\x6e\xcc\
\x3d\x64\xc3\x29\x9c\x46\x27\x7a\xf2\x3c\xaa\xa7\xac\x19\x37\xbd\
\x6b\xb1\x86\xfc\x8d\xb1\xd4\x81\x9e\x7e\x38\xa6\xc5\xa7\x51\x19\
\x91\xb7\x72\xdc\xf8\xa6\xe3\xd5\xa0\xa1\xde\xe1\xd8\xf3\x68\xf5\
\xba\x54\x95\xc6\x50\x23\x67\xd9\xe2\x72\x46\x2f\x87\x4c\xf9\x55\
\x51\x02\xdd\xbc\xc8\x2e\x19\x8d\xa5\xfd\xa5\xdd\xb9\xcd\x79\x1d\
\x71\x4e\x89\x72\x73\xe1\xb6\x5a\xbb\x76\x0e\x0c\x1f\xb3\xb3\xe1\
\xe2\xd1\x56\x7d\x45\x89\x62\xd9\x24\x66\x71\x48\x24\x71\x4c\xf1\
\x5d\xf1\x4f\xb7\xa7\x8c\x6e\x97\x26\xca\x5c\x26\x21\x1e\x1c\x46\
\x07\x80\x75\xf1\x69\xd6\x2c\x5b\xb2\xb2\x33\x2b\x92\xfb\x53\x96\
\xeb\xef\xe8\x78\x54\xdb\x54\x0a\x48\xef\x3d\xfb\x52\x92\xcf\x2c\
\x3e\x4d\x37\x34\x98\x17\x70\xa0\x93\x34\xb5\x18\x07\x2c\x9e\x4d\
\x2e\xff\x00\xd4\xfd\x68\x1f\x9f\x22\xab\x9f\xda\xe5\x9f\xff\x00\
\xd7\x1d\x8f\xfc\xc4\xeb\xf7\x4f\x9f\x97\x36\x2c\xb5\x4b\x18\xa3\
\xa7\x1c\x49\xc7\xef\x13\xa1\x8f\xe5\xef\x7a\xf2\xe5\x56\x45\x00\
\x03\x6d\x80\x71\x50\x3e\x8a\x61\x27\xac\x5f\x76\xf4\x71\x87\x35\
\x3c\xc6\x82\x4c\xd1\x9a\x8c\x94\x5e\x49\xf1\xa7\x66\x81\x73\x8a\
\x45\xda\x93\x25\x26\x4c\x50\x2a\xef\x4d\x5c\x73\xa4\x51\xa4\x5e\
\x74\x18\x5f\xd2\x53\x9b\xfd\x9d\xf7\x2e\x7d\x63\x58\xba\xd9\x7e\
\x92\x5c\xdf\xec\xef\xb9\x73\xeb\x1a\xc6\xd2\xab\xa9\xa5\xfe\x16\
\xd7\xdd\x2a\x5a\x8f\x4a\xe3\x4b\x6b\xee\x95\x25\x10\x52\x62\x96\
\x8a\x12\x12\x8a\x28\xa0\x4c\x9d\xe5\x14\xb8\xf1\xa2\x83\xd0\xf8\
\x56\x97\x86\xa4\x22\x9b\x26\x7c\x9a\x18\x89\x85\x94\x7c\x4d\xbe\
\x74\x11\xe0\x0c\xc9\x0f\x15\xc5\x27\x1d\xbd\xf1\x21\xf2\xeb\xe5\
\x44\xb4\xac\xb7\x8c\xb3\xe7\xbf\xce\x9a\xe9\xae\x71\x60\x0f\x3c\
\xed\xf1\xff\x00\x46\xa8\x49\xdc\x99\xca\xde\x31\xd5\x73\xf4\xdb\
\xe7\x51\xfa\xd9\xb9\x17\x3d\xe1\xb6\x3e\x1b\xd4\xc5\x92\xda\x7a\
\xcb\xa4\x5e\x64\x62\x65\xf7\x7f\xf1\x43\x72\xd0\x04\x6d\x32\x63\
\xd6\x5d\x3d\xdb\xbf\x22\x82\x18\xc6\x33\x5e\x18\xcb\x2f\x36\x3b\
\xff\x00\xbf\x7d\x39\xd3\x21\x99\x4a\x31\x8b\xbb\xc5\xb6\x3f\xdf\
\x9d\x48\xdf\x65\x1d\xd6\x21\xcd\x8e\x3e\xae\x43\xe2\x54\x4d\xb2\
\x5e\xd3\x70\x54\xe7\x2c\x99\xf0\x17\x9b\xef\xa0\x79\x6e\xdc\x01\
\xcc\xe7\x93\x94\x76\x13\xe3\xcb\xdf\x4d\x96\xa1\x1f\x66\xdc\x62\
\xbb\x0b\xba\x9f\x2f\xc6\x83\x4f\x74\x50\x8a\x2f\x37\x38\x3e\x3b\
\x7e\x35\x3c\x34\xf7\x13\x17\x26\x22\x61\x03\x3b\x77\x65\x03\xe5\
\x41\xc4\xf4\x96\xf3\x3e\xc0\xd6\x12\xca\xfa\xb3\x61\x70\x3c\x47\
\x33\xf3\x0a\xf3\xbc\x2b\xb5\x7a\x77\xa5\x1a\x7b\x71\xf4\x73\x5b\
\x22\x20\x96\xcc\x78\x7b\x47\x23\x91\x5e\x6b\xb6\x70\x23\x42\x1a\
\x41\x69\x48\x6f\xbd\x3b\x18\xa5\xa8\xa0\x0a\x53\x14\x94\x50\x3a\
\x8a\x41\xa0\xe5\x40\xec\xf7\x50\x3b\xd1\x45\x02\xd1\x48\x6d\x46\
\x7b\xa8\x17\x34\xb9\xa6\xe5\xa0\xe5\x40\xec\xbd\xf4\x67\xc6\x93\
\x34\x66\x81\x2e\x3e\xdd\xad\xff\x00\x99\xfa\x35\x0e\xb1\xfb\x3e\
\x4d\x49\x3f\xb7\x6f\xef\x3f\x46\xa3\xd5\xbb\x45\xf0\x68\x2e\x46\
\xc4\x98\x12\xb9\x22\x11\xc1\x86\x4e\x07\xc8\xe6\xd5\xdd\x1f\x66\
\xdf\xd4\x99\xd2\x69\xa5\x74\x37\x67\x3f\x62\x07\xc7\x76\xb4\x5d\
\x93\xd8\xba\x42\xc5\x9b\xce\x9a\x52\x9c\xa1\x19\x71\xde\x91\x27\
\x28\x3b\x44\xd8\x3e\x15\x3e\xb7\xb4\x7b\x37\xb3\xcc\x6a\x75\x05\
\xeb\x91\xe5\x6e\x38\x96\x1f\x23\x01\xef\xad\x32\xe7\x69\xbd\x1e\
\x5c\x7e\xb7\x72\x57\x76\xcb\x6a\xc9\xc1\x0f\x7c\xbf\x2c\xd7\x6a\
\xd1\xa4\xec\xad\x36\x6e\x3a\x6d\x25\xb0\xd8\x89\x8c\xfb\xdd\xe4\
\xfb\xab\x2f\xda\x3e\x97\xea\x26\x31\xd1\xc2\x3a\x78\xe3\x65\xf6\
\xa6\x9d\xe7\x43\xdc\x7b\xeb\x35\xa8\xed\x0b\x9a\x8b\x8d\xcb\xb3\
\x95\xc9\xae\xf2\x9c\xb2\xfc\xfe\x94\xdc\x34\xda\xf6\x8f\xa5\xf6\
\x2d\x0c\x7b\x3e\xcb\x77\x9f\xed\x2e\x3c\x31\xf7\x1c\xdf\x7e\x2b\
\x35\xae\xed\xdd\x4e\xb9\xe1\xd4\xea\x27\x21\x71\xc1\x1d\xa3\xe5\
\x83\xaf\x9e\x5a\xe3\x32\xb9\x39\x6c\xaf\xcb\x1e\x7d\xdf\x5f\x2a\
\x92\x10\x23\xb8\x0c\xb1\x8c\x9d\x3c\xbb\xaa\x6e\x89\xe5\x79\xcf\
\xb2\x07\x95\x37\x89\x93\xba\xaf\x8d\x3a\xdd\x89\x4c\xcb\x88\x9d\
\xee\xd5\x31\x2b\x56\x5c\x40\xe3\x9f\x7b\xd2\x8a\x61\x62\x4d\xb6\
\x53\xf6\x62\x98\xc2\xee\xe6\xab\x5e\xb3\x6e\xcb\x18\xc2\x04\x76\
\xf7\xa7\x2e\x75\x74\x59\x3c\x53\x45\xee\xe8\x54\x7f\xa9\xea\xb5\
\x97\x59\xe9\xac\x5c\xbb\x10\xc2\x86\xd9\xf3\x68\x2b\xc3\x62\xd9\
\xcb\xda\x7e\x95\x62\xce\x97\x51\xab\xb8\xc7\x4f\x66\x77\x1c\xee\
\xc4\xd8\xf3\x79\x15\xd5\xec\xcf\x45\xb5\x5a\x8e\x19\x6b\x25\xfa\
\xbc\x22\xae\x04\x64\xf4\xf2\x3e\x7e\x55\xb5\xd2\xe8\xe1\xa7\xb3\
\x1b\x76\x62\x46\x11\x00\x65\x11\x76\x39\xed\xd7\xc5\xa6\x93\x6c\
\x8e\x83\xd1\x2d\x45\xd2\x32\xd6\x5d\x8d\xa8\xbf\xcb\x1d\xd7\xde\
\xed\xf0\xcd\x69\xbb\x3b\xb0\x34\x5a\x23\x36\xec\x9c\x61\xf6\xe6\
\x66\x4f\xc7\x97\xca\xba\x51\x8b\x17\x38\x17\xbd\x77\xa7\xf7\x64\
\x4f\x76\x7e\x95\xa9\x21\xb2\xc2\x11\x89\xec\x87\x9f\x5a\x90\xa6\
\x8c\x7b\xcc\xf7\x3b\x53\x8d\xf9\x55\x0b\x45\x14\x2d\x02\x9c\xa9\
\x65\x22\x31\xe2\x92\x01\xcd\x6a\xb4\xf5\x51\x64\xc6\xd1\xeb\x24\
\x7d\xa4\x71\x18\xf8\xaf\x2f\x71\x55\x99\x93\xcd\xd6\xe4\x67\xc0\
\xe4\xbb\x70\x48\x47\xee\x9d\x5a\xc8\xb1\x77\x56\xa0\xc4\x6d\xdb\
\x72\x13\x4f\x6a\x4f\xf7\x63\xd7\xcd\xa8\xb2\x12\xe1\xe1\x9c\x65\
\x2d\x98\x45\x25\x72\x47\x7c\xa5\xd0\xf0\xa6\xe6\x41\xc5\x1b\x92\
\x89\x33\x25\xc9\x23\x72\x7b\x72\x8c\x5e\x54\xaf\x14\x7d\x99\x5a\
\x62\x4f\x95\x98\x19\x9c\xde\xf9\x4b\xa7\x95\x03\x84\x4e\x18\xb0\
\x91\x6b\xf9\x45\x2d\x40\xf1\x7f\x99\xf0\xa7\x5a\x8d\xdb\xaf\x15\
\xa9\xe7\x26\x4b\xf3\x88\xed\xdd\x13\xa1\xe2\xd4\xb6\x74\xbc\x51\
\x8b\xa8\x8c\x7d\x9f\xb3\x6a\x0b\xc1\x1f\x33\xab\xe3\x4f\xbd\xaa\
\xb7\x66\x51\xb4\x0d\xcb\xb2\xc0\x42\x26\x53\xc5\xee\x28\x24\x8c\
\x6d\x69\xa1\x29\x64\x89\xce\x52\x93\x95\xf1\x5e\xb5\x5a\xee\xad\
\x9c\x55\x67\x66\xd2\x9c\x28\x66\x77\x7c\x22\x73\x3c\xea\x26\x53\
\xb9\x79\xcc\xe1\x7a\xfc\x37\x62\x29\x6e\xd0\xf5\x7a\x2e\xdd\x69\
\x22\xdc\x46\x76\xae\x92\x77\x65\xab\x98\x20\x77\x40\xa6\xc2\xe2\
\x23\x0b\x3c\x28\xfd\xab\x7a\x68\xa8\x9d\x73\x37\x7e\xfa\x71\x29\
\xca\x52\x94\x2e\xdb\x9d\xc8\xec\xdd\x70\x5b\xb1\x83\x90\x75\x6a\
\x26\x70\x8d\xa9\x32\x8c\xac\xe9\xe6\xed\xcc\xbb\x79\xf2\xe8\x55\
\x9b\x3a\x4f\x5f\x08\x3a\x8b\x45\xab\x51\xfb\x3a\x71\x18\xf8\x32\
\xc7\x35\xee\x68\xa4\xb1\x6e\x77\xa5\x22\xd8\xc2\xd4\xb2\x5c\xbd\
\x2c\x93\xba\xf8\x77\x15\x7e\xcd\xbb\x76\x60\x42\xdc\x63\x18\x9d\
\x03\x9b\xd5\x7b\xda\x33\x83\x00\x01\xb6\x31\x46\x71\x50\x3e\x93\
\x34\x83\x46\x68\x1c\x34\xec\xd4\x74\xb9\xa0\x7e\x7b\xaa\xbc\xe6\
\xea\xa5\x2b\x70\x52\xcc\x5c\x5c\x90\xe3\x89\xeb\x11\xee\xef\x7d\
\xc7\x5a\x8e\xe4\xe5\xa8\xb8\xd8\xb3\x26\x30\x8b\x8b\xb7\x07\x0f\
\xdd\x1e\xfe\xf7\xa7\x9d\x58\x81\x18\x42\x31\x80\x46\x31\x30\x06\
\xc0\x77\x50\x49\x14\x88\x46\x20\x01\x80\x0c\x01\xdd\x4e\xcd\x47\
\xef\xa5\xcd\x03\xf3\x46\x7d\xd4\xcc\xd1\xc5\x9a\x07\xa8\xf3\x33\
\xe7\x49\x83\xb8\xf7\x6d\x4d\xcd\x19\xa8\x17\x1d\xcc\x8f\x7d\x26\
\xe1\xf6\xbe\x25\x19\xa6\xae\x68\x05\x97\x83\xf1\x29\x19\x39\xfb\
\x39\xf1\x1a\x17\x7a\x45\xc5\x06\x1f\xf4\x8c\xe7\x51\xd9\xfb\x26\
\x21\x73\x9f\x9c\x6b\x1d\x5b\x1f\xd2\x36\xf7\xbb\x3d\xfe\xe5\xcf\
\xac\x6b\x1d\x8d\xe9\x55\xd4\xd2\xff\x00\x0b\x6b\xee\x95\x2d\x45\
\xa4\xfe\x16\xd3\xdf\x12\xa5\xa2\x0a\x28\xa2\x81\x28\xa2\x8a\x03\
\x05\x14\x66\x8a\x0f\x45\x85\xab\xb0\x33\x2b\x91\xb7\x1e\xb9\x73\
\xfe\xfe\x2d\x3d\xbf\x6e\x27\xda\x67\xe2\x18\x1f\x7b\x82\xa2\xcd\
\xb9\xef\x28\xcb\x26\x56\x51\x73\xf3\xdc\x0f\x79\x4e\x85\x86\x7e\
\xd5\xb9\x12\x43\x2a\x09\xbf\x70\xf5\xf8\xd5\xd0\x92\x37\xad\x38\
\xe2\xf6\x73\xd5\x31\xf0\x7a\xfb\xaa\x50\x17\x11\x96\x5e\xee\x6d\
\x41\x6f\x47\x71\x32\xb1\x86\x79\xef\x95\xf8\x63\xe6\xb5\x62\xde\
\x92\xdc\x0d\xd9\x4b\x1b\xe1\xd8\xf8\x18\x3e\xb4\x03\x01\x12\x51\
\x11\xe7\x51\xcb\x4d\x6a\x47\x26\x2f\x86\xd8\xf2\x1c\x85\x5a\xe1\
\xa3\x86\x82\x99\xa2\x87\x16\x59\x49\x3a\x63\x6c\x7b\xf7\x7e\x09\
\x52\xc2\xc5\xb8\x39\x84\x01\xef\xc6\x5f\x8b\xbd\x4e\xc0\xe8\x63\
\xca\x8e\x14\xe5\xf3\xa0\x8f\x86\x8e\x1a\x93\x0e\x37\x3d\xe5\x31\
\xb9\x1c\xe0\xcc\x9e\x58\x89\x97\xf2\xa8\x39\x1e\x95\x45\xff\x00\
\xc3\x3a\xec\x0f\xee\xce\x47\xf7\x8a\xf2\xe7\x0f\x72\x67\xce\xbd\
\x9a\x5e\xb2\x42\x04\x62\x3b\x6f\xed\x3f\x97\xd6\xb9\x3a\xdf\x46\
\xbb\x3b\x59\x26\x57\xac\x45\x9b\xce\x40\x45\xf9\x62\x83\xcb\xf2\
\x1c\x97\xdd\x46\x65\xd3\x1e\xfa\xdb\xea\xfd\x05\xb4\xe5\xd2\xea\
\x27\x0e\xe1\xc4\x8f\x9e\xff\x00\x3a\xe3\x6a\xfd\x11\xed\x3d\x3a\
\xb0\x21\x7a\x27\x51\x62\xfc\x1f\xce\x84\xae\x0e\x5e\xa2\xf9\x6f\
\x4b\x93\x38\xce\x3c\xea\x7d\x46\x87\x57\xa6\x7f\x6f\xa6\xbb\x6c\
\x3a\xb1\x71\xf1\x36\xaa\xf9\xc9\xd1\x28\xa7\x0f\x9d\x14\xdc\x1d\
\xd8\xf2\xda\x97\x73\x93\x40\xfc\x94\x66\x9a\x2f\x50\x7c\x9a\x32\
\x75\xc9\xe6\x50\x3b\x34\x52\x64\x7a\xd1\x96\x81\x73\x46\x69\x32\
\xf7\xd1\x97\xbe\x81\x73\x4a\x34\xdc\xf7\xb4\xbe\xfa\x04\x9b\xfb\
\x4b\x7f\x79\xfa\x35\x0e\xaf\x72\x27\x78\x95\x24\xdf\x6e\xdf\xde\
\x7e\x8d\x32\xfe\xec\x7c\x9a\x15\xd4\xd6\x76\xee\xba\xfe\x9e\x36\
\x65\xa8\x61\x6e\x30\x22\x42\xd1\xc3\x90\x31\xbe\x37\x6b\x8f\x3d\
\x42\xa8\x1f\x0e\x67\x8f\xfb\xc5\x36\x51\x97\x12\xb2\x0d\xf9\xff\
\x00\xbc\x14\x42\xdc\x67\x2c\x18\x5e\x7b\xbb\x7e\x55\x76\x88\xb1\
\x29\x39\x33\x2c\xf5\x37\x3f\x2f\xad\x49\x1b\x2c\xbe\xd6\xef\x2d\
\xb3\x9c\x79\xd5\x8e\x1b\x70\x33\x39\x67\x1d\x0a\x6c\xb5\x18\x31\
\x6a\x00\x77\xd0\x2c\x2c\x62\x3b\xe2\x21\xee\xa7\x37\x2d\x41\xc4\
\x4e\x24\xeb\x50\x2c\xa6\xe6\x72\x5f\x01\xa5\x88\x1b\x1b\x14\x12\
\x33\x9c\xfe\xd3\x83\xb8\xa7\xdb\x8b\x29\x11\x84\x56\x4b\x80\x0c\
\xab\xe5\xd6\xaf\xf6\x77\x61\xea\xf5\x89\x29\x8d\x8b\x4b\xf6\xa6\
\x6e\xf9\x1f\x9d\x6b\xbb\x2f\xb1\x2c\x68\xa3\x9b\x76\xf1\x34\xc3\
\x39\x99\x93\xf9\x7c\xaa\xc8\x38\x9d\x97\xe8\xdd\xcb\xc1\x77\x5e\
\xf0\x5b\xff\x00\xcb\x1d\xdf\x05\xfc\x0a\xd4\xd8\xd3\x5b\xb5\x02\
\x16\xad\x46\x10\x0c\x19\x0d\xbc\x8e\x9e\xfa\xb3\x6e\xdc\x63\xb8\
\x65\xef\x77\x7f\xd2\x9c\x9d\xe5\x59\x10\xd8\x40\x8b\x90\x57\xbd\
\xa9\x03\x6a\x22\x53\x83\x6d\x8a\xba\x00\x52\xe2\x8c\x52\xe3\x7a\
\x03\x19\xa3\x84\xee\x0a\x49\xce\x36\xe0\xca\x72\x23\x10\xca\xae\
\x02\xaa\xcf\x58\xca\x3c\x70\x0b\x56\x0c\x8d\xe9\xec\xbf\x74\xea\
\xd4\xb4\x58\xbb\x7a\xdd\x94\x27\x71\x19\x21\x18\x9b\xaf\xbb\x9d\
\x2f\x1c\x25\x36\xd3\x28\x33\x4c\xb0\x79\xe3\xc4\xae\x78\xc2\x16\
\x9b\x9c\x57\x34\xe4\x9d\xee\x4c\xe2\xb9\x74\xf0\x39\x94\xad\xb2\
\x0c\x6d\x12\x2c\xc2\x66\x4b\x50\x7f\x69\x77\xaf\xb4\xbc\xa8\x2f\
\x3a\x7b\x57\x21\x18\xb6\xa2\xc2\x2e\x48\xc5\xdb\x3e\x21\xb3\xef\
\xa6\xcb\x4d\x19\x4d\xb8\xb2\x66\x18\x83\x33\x31\x87\x91\xca\xa9\
\xf0\xdc\x84\x61\x19\x5b\x91\xc2\xfb\x1a\x5b\x0f\x27\xbe\x52\x2a\
\xf6\x9e\x1a\x82\x4d\xcd\x45\xd1\x92\x01\x6e\x27\xb3\x1f\x7f\x35\
\xa8\x22\x74\x92\x11\xb7\x78\x6e\x4b\x69\xde\x91\x99\x87\x74\x4e\
\x45\x59\xd3\xd8\xb7\xa7\x8a\x5b\x1f\x69\xcc\xa4\xb9\x64\xf7\xad\
\x33\x53\xa9\xb5\xa7\x88\xdd\x73\x29\x6d\x18\x06\x65\x27\xc0\xa8\
\x9d\x64\x61\x1b\x65\xeb\x52\x8d\xe9\xa6\x2c\xc1\xe2\x90\x3d\x5c\
\x6c\x50\x1a\x8d\x45\xe9\x33\x8d\xa1\xb3\x08\x7d\xab\xf7\x23\xb1\
\xe1\x13\xab\x55\xfd\x64\x0b\x72\xb9\x86\xc6\x9e\x79\xcc\xd5\x2e\
\x5e\x7c\x0e\x60\xd5\xe8\xea\x2d\x37\xfd\x41\x73\x37\x43\x2c\x43\
\x28\x78\xa7\x2a\x71\xea\xae\xcb\x88\x6d\x5c\x94\x1c\x0e\x05\x8b\
\xe7\xbe\x29\x47\x36\x6d\xb8\xd9\x84\x6f\x5a\x9d\xa8\x2f\xec\xf4\
\xb0\x73\x2b\x9d\xcc\xb1\xbf\xc6\x9f\x38\x9f\xac\x42\xdc\xf8\x2e\
\xdf\x89\x9b\x5a\x70\x48\x5a\x0e\xb2\xc6\x4c\x9e\x35\x77\xf5\x7b\
\x64\xee\x5c\x8c\x18\xdc\x99\x86\x71\x73\x23\xc9\x79\x51\xa6\xd3\
\xd9\xd3\x41\x8d\xa1\x32\xe6\x52\x96\xf2\x93\xe2\xd4\x06\x97\x4d\
\x2b\x72\x95\xed\x45\xd9\x5d\xbd\x20\xca\xbe\xcc\x7c\x03\xa7\x9d\
\x5a\xc9\x4d\xc8\xf2\x47\xdf\x47\xbe\x8a\x76\x68\xcf\x7d\x25\x19\
\xa0\x5c\x94\xb9\xa6\xe7\x14\x67\xc6\x81\x57\x15\x5e\xed\xc9\xde\
\xbb\x2d\x3d\x89\x31\xe1\xda\xed\xc3\xf9\x3f\xba\x7f\x79\xf9\x1b\
\xf3\xc5\x36\xfd\xe9\xce\xeb\xa7\xd3\xb8\x9e\x06\xe5\xcc\x64\xb6\
\x3f\x59\x3d\x0f\x7b\x53\x5a\xb7\x0b\x36\xa3\x6e\xd9\x80\xe5\xbe\
\x55\xea\xaf\x55\xea\xd0\x3e\xdc\x21\x6a\xdc\x6d\xdb\x89\x18\x44\
\xc0\x1d\x0a\x76\x7b\xa9\xb9\xf0\xa3\x2d\x03\xf3\xe3\x46\x69\xb9\
\x3b\xe9\x33\x40\xfc\xd1\x9a\x6e\x68\xcd\x03\xb3\x46\x69\x99\xa3\
\x2d\x40\xfc\xf8\xd2\x2f\x5a\x6e\x7b\xe9\x16\x81\xd9\xa6\xad\x22\
\xe5\xa4\x5e\x74\x18\xbf\xd2\x27\xef\x74\x1f\x76\xe7\xd6\x35\x8f\
\xce\xf5\xb0\xfd\x21\xb9\xb9\xa1\xfb\xb7\x3e\xb1\xac\x7d\x2a\xba\
\x9a\x4f\xe1\x6d\x7d\xd2\xa5\x79\x54\x5a\x4f\xe1\x6d\xfd\xd2\xa6\
\x73\x44\x25\x25\x2d\x14\x09\x45\x14\x50\x14\x51\x45\x07\xaa\x47\
\x4b\x6a\x2e\x58\xf1\x27\x26\x6f\x12\x79\x67\x63\xdd\x52\xf0\xed\
\x8a\x93\x05\x26\x28\x19\xc3\x47\x0d\x3d\x00\x57\x91\x51\xfa\xc8\
\xe5\x23\x99\xe3\xa4\x4c\xfc\xf9\x7c\xe8\x17\x14\x20\x7e\x34\x9f\
\xb5\x97\x48\xc0\xff\x00\xd4\xfe\x5f\x5a\x4f\x53\x17\x79\xe6\x6f\
\xf7\x9c\x9f\x0e\x54\x0d\xf5\x91\xce\x23\x99\x27\x48\x99\xf9\xf2\
\xa5\xc5\xc9\x74\x8c\x3c\xf7\x7f\x2f\xad\x48\x00\x60\x00\x3a\x14\
\x63\x6a\x08\x5b\x42\xe6\x6b\x3f\xbc\xe4\xf8\x1b\x53\xb1\x83\x01\
\xee\xa7\xe2\x8c\x62\x82\x36\x3b\x52\x23\xe7\x52\x27\x3a\x6a\x78\
\x50\x37\x1d\xe5\x26\x06\x9f\xee\xa4\xc5\x04\x33\xb1\x6a\x66\x25\
\x01\xcf\x85\x73\x75\x7e\x8f\x76\x6e\xa8\xcd\xcd\x34\x32\xf5\x0c\
\x3f\x13\x7a\xeb\xe3\x7e\x54\x63\xdf\x41\x8f\xd5\x7a\x0f\xa7\x96\
\xfa\x6b\xd3\xb7\xdc\x29\x23\xe0\xef\xf3\xae\x36\xaf\xd0\xfe\xd1\
\xb1\x96\xdf\x05\xd0\xee\xcc\x5f\x9e\xdf\x3a\xf4\x8c\x63\xa3\x46\
\x05\xa0\xf2\x1d\x47\x66\xeb\xb4\xcf\xed\xf4\xb7\x63\x8e\xbc\x39\
\x3e\x26\xd5\x57\x2e\xe5\x7b\x2c\xec\x5b\x99\x89\x42\x2e\x7c\x2b\
\x9f\xac\xec\x0e\xcf\xd5\x8b\x77\x4f\x05\x7a\xb1\x33\xf1\xe7\x57\
\x46\xde\x55\xb7\x52\x8f\x25\xad\xe6\xaf\xd0\x8d\x24\xf2\xe9\xee\
\x4e\xd3\xd0\x1c\x9f\x07\xf3\xae\x2e\xaf\xd0\xee\xd0\xb2\xe6\xcc\
\xe1\x74\xf1\x18\xbf\x89\x4d\x1b\x67\xb2\x9d\xcd\x27\x17\x78\x95\
\x6f\x51\xd9\x5d\xa1\xa6\x5f\x5d\xa5\xba\x07\x50\xe2\x3e\x26\x6a\
\xa3\x91\xc2\x6e\x74\x76\x6a\x29\x44\x7a\x94\xb4\xdc\xe7\x9f\xce\
\x93\x6e\x8e\x3c\xa8\x1c\x8b\x28\xa7\xf2\xb9\xf9\x27\xe3\x4c\xba\
\x65\x8d\x38\xce\x39\x8f\x99\x4d\xbb\x9d\xb6\xf9\xd1\x2a\xbb\x6e\
\x24\x95\x19\x39\xe6\xab\x8f\x2e\xea\x32\xf4\xdb\xcf\x7a\x74\x9c\
\x2d\x4b\xa5\xd1\xea\xb5\x92\x0d\x3d\x99\xcc\xeb\x20\xc0\x79\xae\
\xd5\x74\x20\xc1\x9c\xbb\xbd\xed\x2c\x49\x4e\x64\x61\x16\x52\x76\
\x00\x55\xf7\x15\xa4\xd0\xfa\x29\x39\x44\xb9\xad\xbb\x83\xac\x61\
\xb1\xe5\x97\x9f\xb8\xad\x1e\x87\xb1\xf4\xfa\x58\x86\x9e\xc4\x6d\
\x9d\x64\x8e\x5f\x8e\xef\xbd\xa4\x88\xc8\x68\x7d\x1d\xd6\x6a\x71\
\x2b\xc1\xa7\xb7\xfd\xe3\x32\x7d\xdd\x3d\xf5\xa7\xec\xcf\x47\xb4\
\xda\x4c\x4a\x36\xf3\x3f\xeb\xb8\x66\x5e\xe3\xa7\xca\xbb\x56\xac\
\x46\x1b\x86\x5e\xf7\xfd\xed\xee\xa9\x88\x72\xab\xa3\x68\xad\x58\
\x85\xbc\x31\x32\xf7\xbc\xea\x62\x34\xf2\x14\xe2\x34\x0c\xe1\xa3\
\x86\xa4\x23\x47\x0d\x5d\x86\x11\xa7\xe2\x97\x86\xa2\xd4\x6a\x2d\
\x69\x81\xbb\x2c\x2f\x28\x86\x64\xf9\x05\x36\x24\xc6\x2a\x0b\xb7\
\xe4\x7b\x3a\x7b\x6d\xe9\xae\x36\x42\x31\x7c\x5e\x95\x0e\xa0\xbb\
\x76\xef\xab\xbb\x74\xb7\x04\xcc\x6c\xda\x71\x39\xf8\x2b\xcb\xca\
\xa1\x9d\xb9\x46\xd0\x5f\xb7\x2b\x56\x97\x11\xd3\x58\x16\x52\x7f\
\xbc\x95\x2d\x0b\xc7\x72\x57\x65\x15\x35\x17\x43\x12\xc9\xc3\x66\
\xd7\x9e\x79\xb4\x42\x65\xd9\x97\x20\x42\xfc\xed\xfd\xad\x44\xce\
\x1b\x70\x3b\x83\xaa\x52\xce\xf4\xe3\x38\xc7\x51\xed\x4d\x31\x0d\
\x1d\xa3\x3b\x63\xf9\x9a\x4b\x92\x10\xb1\xa8\xb5\x0b\xd7\x84\x6d\
\xe9\xad\x64\x20\x7f\x79\x1c\x53\x60\xb6\xdb\x94\xae\xde\xb3\x29\
\x06\x1c\xea\xee\xe1\x0f\x08\x8f\xe1\x4e\xb1\x62\x57\x20\x4b\x49\
\x29\x40\x9a\x97\x2f\xdc\x16\xe4\xbe\xee\x79\x15\x62\x3a\x18\xde\
\x9c\x2e\xea\x8e\x26\x21\x8b\x22\x30\x8b\xe0\x63\x7a\xb1\x7a\xf5\
\xab\x10\x25\x7a\x71\x80\xa0\x2b\x8c\xbc\x80\xa0\x6e\x9f\x4d\x6b\
\x4d\x0e\x1b\x51\xc2\xef\x29\x2e\x59\x3d\xeb\xd6\xa0\xbf\xab\xb9\
\x2b\xb2\xb1\xa4\x87\x14\xcd\xe5\x72\x7b\x42\x07\x7a\xbc\xda\x8b\
\x52\x6a\x35\x04\xdd\x47\x16\x9f\x4d\x11\xf6\x20\xf1\x4e\xe1\xee\
\xe4\x54\x52\xbd\x38\x42\xdd\xcd\x52\xe9\xb4\xf1\xda\xde\x9e\x3b\
\xce\xe7\x40\x73\x4d\x85\xb3\x70\x95\xd6\x5a\x72\x17\x67\x13\x17\
\xb5\x73\x38\x62\x1d\x78\x7c\x68\xb2\xda\x94\x2f\x3a\x69\x4e\xcd\
\xb4\xcd\xcd\x5c\xdc\xb2\x73\xb8\x2e\xff\x00\x0a\x4b\xb7\x02\xce\
\x7b\x42\xd4\x61\x6a\x58\xf5\x3a\x48\x1e\xd2\xf7\xb8\xef\xa4\xd4\
\x4a\xd7\x0d\xa9\x6b\xed\xcb\x8c\xfd\xd6\x8e\x08\x89\xd3\x26\x39\
\xd4\x51\x18\xda\x74\x7c\x56\x2e\xfe\xad\xa3\x57\xd6\x5d\x90\x93\
\xb8\x9d\xcf\x73\x52\x43\x47\x3d\x44\x4b\x44\x4d\x3e\x84\xdc\x8c\
\x25\x99\x5d\xcf\x55\xe8\x35\x3c\x34\x2d\xed\x47\xeb\x1a\xc9\x37\
\x31\x8f\x57\x69\x88\x46\x07\x89\x97\x2d\x5d\xa0\x48\xc4\x84\x48\
\xc4\xc4\x43\x01\xdd\x4e\xa2\x8a\x03\x03\xcc\x29\x30\x74\xc9\xe4\
\xd2\xd1\x40\x9b\xf4\x7e\x25\x19\x91\xd0\x7d\xf8\xa5\xa2\x81\x38\
\x9e\xa3\xf5\xaa\xfa\x8d\x44\x99\x9a\x7d\x3a\x7a\xe9\x19\x94\x93\
\x25\xb8\xf7\xbd\xef\x71\xd7\xca\x8d\x4e\xa2\x51\x99\x63\x4e\x12\
\xd4\x48\xc9\x9e\x50\x3f\xaa\x5e\x1d\xc7\x56\x9f\xa7\xb1\x1b\x16\
\xf8\x62\xb2\x94\x9e\x29\xce\x5b\xb3\x97\x55\xff\x00\x7b\x1b\x50\
\x3a\xc5\x98\x58\xb4\x42\xd8\xa6\x55\x57\x2c\x97\x9a\xbd\x57\xbe\
\xa4\xcd\x23\x13\x3c\x8f\x75\x26\x3c\x53\xdf\x40\xec\xd1\x9a\x6f\
\xb4\x75\x1f\x32\x8c\xa7\x30\xf7\x34\x0e\xcb\x46\x69\xbc\x47\x51\
\x3d\xd4\x71\x0f\x53\xe3\x40\xec\xd1\x9a\x4c\xd1\x9a\x05\xcd\x0a\
\xd3\x73\x4b\x9a\x05\xce\x69\x33\xb5\x26\x68\xcd\x40\x2d\x22\xb8\
\xa3\x34\xda\x0c\x77\xe9\x05\xfd\xa6\x80\xfe\xed\xcf\xac\x6b\x21\
\x5a\xef\xd2\x03\xfb\x4d\x0f\xdd\xb9\xf5\x8d\x64\x69\x55\xd5\xd2\
\x18\xd2\xda\xfb\xa5\x4a\xf2\xa8\xf4\xbf\xc2\xdb\xfb\xa5\x3d\x28\
\x82\x8a\x28\xa0\x3a\xd2\x34\xbd\x29\x28\x0f\x7d\x14\x7b\xfe\x54\
\x50\x7a\xe7\xac\x8a\xa4\x33\x37\xba\x26\x4f\x8f\x2f\x9d\x22\x5d\
\x97\xf4\xdb\x3f\xf5\x3f\x97\xd6\xa6\xc6\x0c\x63\x97\x2a\x4c\x6d\
\x41\x17\xa9\x8b\xbc\xd6\x6f\xf7\x9c\x9f\x0e\x5f\x2a\x72\x60\x00\
\xc0\x74\xa7\xe2\x91\xda\x81\xb8\x68\xc7\x7d\x3b\x14\x89\x40\xdf\
\x75\x18\xa7\x62\x91\x37\x68\x1b\x86\x91\x3c\x29\xf8\xa4\xc5\x03\
\x71\xb7\x2a\x4c\x78\x53\x9a\x4a\x06\xfb\xa9\x13\x7a\x7e\x29\xa9\
\xbd\x02\x62\x91\x3c\x29\xf8\xa6\xe3\x34\x09\xee\xa4\xc6\x7a\x53\
\x93\x6a\x31\x40\xc4\xf7\x51\x86\x9d\x8c\xd2\x62\xa8\x4d\xfb\x9a\
\x4d\xbc\x29\xd8\xa1\x0a\xa2\x29\xd9\xb7\x33\xda\x80\xfb\xaa\x8e\
\xab\xb1\x34\x1a\xb1\xf5\xd6\x21\x2c\xf5\x62\x2f\xc7\x9d\x74\xb8\
\x7b\xb6\xa1\x1f\x3f\x3a\x0c\x9e\xaf\xd0\xad\x15\xcc\xb6\x25\x3b\
\x4b\xfd\x32\xc9\xf0\x73\x5c\x6d\x5f\xa1\x9a\xdb\x5b\xd9\xbb\x0b\
\x87\x42\x43\x17\xe2\x64\xaf\x43\x7c\x44\xf2\xa3\x03\xb0\xfc\xea\
\x0f\x25\xd4\x76\x3f\x68\xe9\xb3\xeb\x34\xb7\x30\x38\xcc\x4e\x23\
\xe5\x54\xfd\x55\xdb\x97\x0b\x76\xed\xce\x77\x17\x04\x41\x55\xf2\
\xaf\x63\xbb\x6e\xd7\x0a\xdc\x20\x47\xaa\xed\x55\x9d\x0d\xab\x92\
\xe2\xb7\x68\x82\xff\x00\x3c\x8c\x64\xf0\x39\xbe\xfc\x53\x43\x1d\
\xa0\xf4\x67\x4b\x66\x11\xbb\xa9\x8b\x72\x68\x2f\xac\xc2\x45\xc6\
\xe0\x1b\x7c\x73\x5d\xed\x3e\x8c\x8c\x62\x5a\xb4\x46\x21\xb3\x23\
\xe8\x7f\xf1\x5d\x9b\x7a\x1b\x30\x47\x0c\xa4\x7f\x34\xb7\x4f\x2e\
\x87\xba\xa5\xf5\x31\x1d\x8a\xa3\x9d\x6f\x4c\x0f\x12\x32\x91\xd5\
\xdd\x3c\xbb\xbd\xd5\x2c\x6c\xf8\x55\xd2\xd8\x74\xa3\x80\xee\xa0\
\xaa\x5b\xc5\x38\xb7\x82\xac\x70\x14\x70\x94\x10\x91\xc5\x2f\x0f\
\x85\x4b\xc2\x52\x70\xf7\x52\x54\x47\xc3\xe1\x4d\x9b\x1b\x70\x67\
\x39\x11\x89\xba\xae\x03\xdf\x51\x5f\xd7\x42\x37\x5b\x1a\x68\xba\
\x8b\xfc\xb8\x62\xed\x1f\x37\x91\x55\xae\x96\x2f\xeb\x2d\xc6\xf7\
\x1e\xa6\xf1\x8c\xd9\x83\xc5\x0b\x6f\x7b\xcb\x97\x8d\x36\x1e\xea\
\xfd\x7d\xb9\xb6\x56\xd5\xa0\xfe\x22\x60\x47\x3e\x03\xce\xab\x5b\
\xb6\x16\x5b\xfa\x5b\xb1\x8e\x54\xb9\xaa\xbe\x3c\x5e\x71\x1d\xb1\
\x52\x4a\xc1\x73\x51\x22\xe5\xc8\x6b\x35\x10\x33\x0b\x03\xc3\x08\
\x99\xc6\xe7\x7f\x85\x36\xed\xab\x83\x0b\x9a\x98\x4b\x59\x79\x71\
\x0b\x36\xcf\xd9\xc1\xee\x53\x6d\xa8\x08\xe9\xee\xc1\x97\xea\xe3\
\x6e\x29\x99\xea\xee\x24\xa5\x23\xaf\x08\x54\x76\xd6\x36\xa6\xe9\
\xd7\x4f\x61\x73\x73\x53\x79\xf6\xe6\xf2\xd8\x69\xd2\x94\xa1\xa8\
\x8b\x7a\x4e\xab\x58\x7d\x8b\x16\x9c\x42\xdf\x9e\x2a\xed\x8d\x35\
\xe9\xf1\x5c\xd7\x4e\x37\x59\x61\xf5\x60\x31\x87\x96\x79\xbe\x34\
\x55\x6d\x33\x7a\xfb\x1f\xd5\x63\xc1\x60\xc1\x2b\xd7\x4c\xce\xe8\
\x73\x0f\x07\xbe\xaf\x69\xf4\xd6\xb4\xe4\x8b\x36\xc8\x71\x39\x53\
\x75\x7c\x57\x7a\x92\xec\xed\xd9\xb6\xce\xe4\xa3\x18\x44\xdd\x5c\
\x05\x51\xbb\x7e\x5a\xdd\x34\xe5\x6a\xec\xb4\xb6\x62\xe2\x57\x65\
\x1c\x32\x3f\xba\xe7\x6a\x82\x5b\xba\xbb\x65\xff\x00\xd5\xac\xc8\
\x9d\xf4\x70\x61\x48\xbe\x29\xca\xa9\x36\x67\xeb\x25\x71\x61\xae\
\xd6\x8e\x38\x78\x82\x16\xbb\xb6\x79\xd2\xc2\xcb\x2d\x3c\x61\xa0\
\xb9\x0d\x3e\x92\x46\x6e\x5f\x5f\x6e\x4f\x76\xf8\xc3\x9a\x69\x66\
\xe1\x19\xd8\xd3\x5b\x74\x7a\x58\x6f\x76\xfc\xcf\x6a\x7e\x4f\xfb\
\xfc\x2a\x84\xe1\xbb\x63\x50\x24\x65\xab\xd7\xcc\x71\x24\x4b\x76\
\xcf\x07\x95\x2c\x6f\x5c\xb7\x75\xb1\x66\x6e\xb3\x5b\x27\x32\x93\
\xbc\x2d\x3e\x1d\xd8\xff\x00\x7d\xd4\x96\xa5\x2b\xd6\x3d\x56\x86\
\x52\xd3\x68\xa1\x9e\x2d\x44\xdd\xe5\xbe\xf8\xcf\xfb\xfa\x54\xb6\
\x2f\x5c\xd6\x5c\xe0\xd1\xdb\x23\xa5\x1c\x5c\xbd\x33\x0d\xcd\xb0\
\xe3\x18\x73\xfe\xf6\xe5\x50\x46\x5c\x23\xaa\x8d\xbb\x16\xe1\xaa\
\xd7\x80\x5c\xba\x18\x8c\x4e\xbb\xf4\xff\x00\x7e\x55\x7f\x4d\xa1\
\xb5\x62\xec\xaf\x7b\x57\x2f\x4f\x9c\xe6\xe5\x3c\x07\xa1\x52\xe9\
\xf4\xd6\x74\xd6\xfd\x5d\x8b\x64\x22\xb9\x71\xcd\x7b\xd7\xad\x4b\
\x8a\x04\x4a\x4c\x3d\xd4\xec\x51\x8a\x06\xe1\xee\xa2\x96\x8c\x50\
\x25\x14\xb8\xa4\xa0\x2a\xb6\xab\x50\xdb\x63\x6a\xcc\x49\xdf\x98\
\xf0\xc5\xe4\x1d\x65\x27\xa0\x7c\xf9\x14\xba\xad\x47\xa9\x23\x08\
\x47\xd6\x5e\xb9\x92\xdd\xb1\xc6\x7b\xd5\xe8\x1d\x5f\xc6\x8d\x36\
\x9f\xd4\x92\x9c\xe5\xeb\x2f\xdc\x46\xe4\xd3\x19\x7a\x01\xd0\x3a\
\x1f\x8d\x03\xb4\xda\x72\xc4\x1c\xc9\x9d\xc9\xbc\x57\x2e\x26\xf2\
\x7b\xfc\x0e\x81\xd0\xa9\xb3\x49\x45\x01\x45\x14\x50\x14\x64\xa4\
\x79\xd1\x40\x50\x99\xe7\xbd\x14\x50\x27\x09\xdd\x8f\x2a\x11\xe8\
\xbf\x5a\x55\xa4\xa0\x37\x3a\x8f\xbb\x14\x99\x7a\x8f\xb9\xcd\x2d\
\x14\x09\xc4\x75\xc9\xe6\x34\x82\x74\x47\xc9\xa7\x3b\x53\x50\x4d\
\xc1\xa8\x15\x69\x1d\xa9\x38\x4e\x99\x3c\x9a\x6a\x38\xda\x4f\xbc\
\x28\x31\xff\x00\xa4\x0f\xde\x68\x7c\xa7\xf5\x8d\x64\xb3\xbd\x6b\
\x7d\x3f\xcf\x1e\x87\x38\xd8\x9f\x2f\x32\xb2\x3c\xda\x55\x75\xb4\
\x9f\xc2\xda\xfb\xa5\x4b\x51\x69\x4c\x69\x6d\x7d\xd2\xa5\xa2\x13\
\xad\x14\x75\xa2\x80\xa4\xa1\xe5\x45\x01\x45\x14\x50\x7b\x15\x23\
\xdf\x45\x14\x05\x18\xa2\x8a\x04\xc6\xd4\x9c\xa8\xa2\x81\x28\xc5\
\x14\x50\x14\x8d\x14\x50\x18\xa6\xb4\x51\x40\x94\x51\x45\x01\x46\
\x28\xa2\x81\xbd\x68\xa2\x8a\x04\x68\x4a\x28\xaa\x0c\x52\x62\x8a\
\x28\x0c\x6d\x46\x28\xa2\x80\xc5\x42\xdc\x67\x76\x76\xad\x91\x18\
\x1e\xd4\xa4\x67\x1e\x47\x5a\x28\xa0\x7c\x6c\xc4\x63\x35\x65\x2c\
\x6d\x29\x74\xf7\x74\xa7\x6f\xe1\x45\x14\x00\x92\xe4\x62\x8e\xb4\
\x51\x40\x51\x45\x14\x06\x29\x28\xa2\x81\x97\x66\x5b\xb5\x29\xc8\
\x52\x23\xb1\x5c\xfb\x3a\x87\xb4\x74\xf7\xe7\x32\x56\xac\x47\xfa\
\x24\x93\x76\xeb\xd2\x8a\x28\x19\xa7\xb5\x1d\x56\x8e\x3f\xaa\x4d\
\xd2\xe9\xf3\xed\xc6\x31\xf6\xa5\xbf\x57\x34\xd8\x58\xb9\x72\xe5\
\xcd\x26\x99\x8e\x97\x4f\x6f\xed\xb0\xcb\x39\xf9\xad\x14\x55\x11\
\x69\x17\x57\x39\xe9\xb4\x3f\xd9\x6c\x43\xf7\x92\xe7\x72\x7e\xfa\
\x34\xd3\x75\x17\xae\x68\xb4\x19\xd3\x5a\x87\xef\x26\xef\x39\x79\
\x77\x51\x45\x41\xd8\xb5\x6e\x36\xe0\x06\xee\x01\x93\xcd\xf3\xa8\
\xb5\xba\xa8\xe8\xf4\xd2\xbd\x28\xb2\xc7\x43\x6a\x28\xa0\xab\x2d\
\x21\xaa\x94\x75\x5a\x8b\x8d\xe8\x20\xdb\xb2\xfb\x31\x3c\xfb\xea\
\xb5\xeb\x72\x6c\xcb\x5b\xda\x49\x3b\x36\x9f\x63\x4f\x6b\xec\x9b\
\xe3\x7e\x54\x51\x40\xc8\x8e\xaf\x4d\x2d\x6e\xb9\xce\x9e\xdf\xd8\
\xd3\xdb\xd8\xee\xf0\xa7\xe9\x6e\xdd\xd6\x0e\xbe\xf5\xc6\x16\x2c\
\xaf\x05\x9b\x7b\x67\x07\x5e\xfa\x28\xa0\x7e\x8e\x52\xed\x42\xe5\
\xcd\x4c\x21\xfa\xa9\xb4\x6c\xe3\xaf\x7e\x6b\xab\x18\x46\x10\x21\
\x00\x8c\x63\xb0\x06\xc5\x14\x50\x14\x51\x45\x00\xd2\x51\x45\x01\
\x45\x14\x50\x15\x06\xb7\x52\x69\x34\x77\x2f\xca\x2c\x88\x1f\x64\
\x71\x96\x8a\x28\x1b\xa4\xd3\xb6\xf8\xaf\x5e\x91\x3d\x45\xcd\xe7\
\x3c\x74\xfe\x93\xb8\x3e\x75\x62\x8a\x28\x0a\x28\xa2\x81\x28\xa2\
\x8a\x02\x8e\x54\x51\x40\x94\x51\x45\x00\xb4\x94\x51\x4a\x0a\x28\
\xa2\xa0\x46\x8a\x28\xa0\x4a\x4a\x28\xa0\xc6\xfe\x90\x3e\xd6\x87\
\xca\x7f\x52\xb2\x3d\x68\xa2\x8a\xeb\x69\xbf\x85\xb7\xf7\x4a\x97\
\x3b\xd1\x45\x10\x8d\x14\x51\x40\x94\xb4\x51\x40\x94\x51\x45\x07\
\xff\xd9\
"

qt_resource_name = b"\
\x00\x03\
\x00\x00\x76\xf3\
\x00\x70\
\x00\x69\x00\x63\
\x00\x08\
\x00\x3a\x5e\x07\
\x00\x74\
\x00\x69\x00\x6d\x00\x67\x00\x2e\x00\x6a\x00\x70\x00\x67\
"

qt_resource_struct_v1 = b"\
\x00\x00\x00\x00\x00\x02\x00\x00\x00\x01\x00\x00\x00\x01\
\x00\x00\x00\x00\x00\x02\x00\x00\x00\x01\x00\x00\x00\x02\
\x00\x00\x00\x0c\x00\x00\x00\x00\x00\x01\x00\x00\x00\x00\
"

qt_resource_struct_v2 = b"\
\x00\x00\x00\x00\x00\x02\x00\x00\x00\x01\x00\x00\x00\x01\
\x00\x00\x00\x00\x00\x00\x00\x00\
\x00\x00\x00\x00\x00\x02\x00\x00\x00\x01\x00\x00\x00\x02\
\x00\x00\x00\x00\x00\x00\x00\x00\
\x00\x00\x00\x0c\x00\x00\x00\x00\x00\x01\x00\x00\x00\x00\
\x00\x00\x01\x75\x68\x1c\xa4\x01\
"

qt_version = [int(v) for v in QtCore.qVersion().split('.')]
if qt_version < [5, 8, 0]:
    rcc_version = 1
    qt_resource_struct = qt_resource_struct_v1
else:
    rcc_version = 2
    qt_resource_struct = qt_resource_struct_v2

def qInitResources():
    QtCore.qRegisterResourceData(rcc_version, qt_resource_struct, qt_resource_name, qt_resource_data)

def qCleanupResources():
    QtCore.qUnregisterResourceData(rcc_version, qt_resource_struct, qt_resource_name, qt_resource_data)

qInitResources()
